Description,Quantity,Measure
lotion Benzylbenzoate lotion,0,Bottle
Methylated spirit 100ml,0,Bottle
susp Magnessium Trisilicate 200ml,0,Bottle
Susp. Amoxicillin 125mg/5ml,0,Bottle
Susp. Erythromycin 125mg/5ml,0,Bottle
Syp Ascorbic acid,0,Bottle
Syp Multivite,0,Bottle
Syr Albendazole 100mg/5ml,0,Bottle
syr Cough Syrup (A) 100ml,0,Bottle
syr Cough Syrup (P) 100ml,0,Bottle
syr Ferric amonium citrate 400mg/5ml,0,Bottle
syr Vitamin B complex,0,Bottle
Syrup Paracetamol 125mg/5ml,0,Bottle
lotion Benzylbenzoate lotion,0,Bottle
Methylated spirit 100ml,0,Bottle
susp Magnessium Trisilicate 200ml,0,Bottle
susp Metronidazole 100mg/5ml,0,Bottle
Susp. Amoxicillin 125mg/5ml,0,Bottle
susp. Ampiclox 125mg/5ml,0,Bottle
Susp. Co-trimoxazole 240mg/5ml,0,Bottle
Susp. Erythromycin 125mg/5ml,0,Bottle
Syp Ascorbic acid,0,Bottle
Syp Multivite,0,Bottle
Syr Albendazole 100mg/5ml,0,Bottle
syr Cough Syrup (A) 100ml,0,Bottle
syr Cough Syrup (P) 100ml,0,Bottle
syr Ferric amonium citrate 400mg/5ml,0,Bottle
syr Vitamin B complex,0,Bottle
Syrup Paracetamol 125mg/5ml,0,Bottle
lotion Benzylbenzoate lotion,0,Bottle
Methylated spirit 100ml,0,Bottle
susp Magnessium Trisilicate 200ml,0,Bottle
Susp. Amoxicillin 125mg/5ml,0,Bottle
Susp. Erythromycin 125mg/5ml,0,Bottle
Syp Ascorbic acid,0,Bottle
syr Ferric amonium citrate 400mg/5ml,0,Bottle
lotion Benzylbenzoate lotion,0,Bottle
Methylated spirit 100ml,0,Bottle
susp Magnessium Trisilicate 200ml,0,Bottle
Susp. Amoxicillin 125mg/5ml,0,Bottle
susp. Ampiclox 125mg/5ml,0,Bottle
Susp. Erythromycin 125mg/5ml,0,Bottle
syr Ferric amonium citrate 400mg/5ml,0,Bottle
lotion Benzylbenzoate lotion,0,Bottle
Methylated spirit 100ml,0,Bottle
susp Magnessium Trisilicate 200ml,0,Bottle
Susp. Amoxicillin 125mg/5ml,0,Bottle
Susp. Erythromycin 125mg/5ml,0,Bottle
lotion Benzylbenzoate lotion,0,Bottle
Methylated spirit 100ml,0,Bottle
susp Magnessium Trisilicate 200ml,0,Bottle
Susp. Amoxicillin 125mg/5ml,0,Bottle
Susp. Erythromycin 125mg/5ml,0,Bottle
Syp Ascorbic acid,0,Bottle
syr Cough Syrup (A) 100ml,0,Bottle
syr Cough Syrup (P) 100ml,0,Bottle
lotion Benzylbenzoate lotion,0,Bottle
Methylated spirit 100ml,0,Bottle
susp Magnessium Trisilicate 200ml,0,Bottle
Susp. Amoxicillin 125mg/5ml,0,Bottle
Susp. Erythromycin 125mg/5ml,0,Bottle
Syp Ascorbic acid,0,Bottle
Syr Albendazole 100mg/5ml,0,Bottle
syr Ferric amonium citrate 400mg/5ml,0,Bottle
syr Vitamin B complex,0,Bottle
Syrup Paracetamol 125mg/5ml,0,Bottle
lotion Benzylbenzoate lotion,0,Bottle
Methylated spirit 100ml,0,Bottle
susp Magnessium Trisilicate 200ml,0,Bottle
Susp. Amoxicillin 125mg/5ml,0,Bottle
susp. Ampiclox 125mg/5ml,0,Bottle
Susp. Erythromycin 125mg/5ml,0,Bottle
Syr Albendazole 100mg/5ml,0,Bottle
syr Ferric amonium citrate 400mg/5ml,0,Bottle
lotion Benzylbenzoate lotion,0,Bottle
Susp. Amoxicillin 125mg/5ml,0,Bottle
susp. Ampiclox 125mg/5ml,0,Bottle
syr Ferric amonium citrate 400mg/5ml,0,Bottle
lotion Benzylbenzoate lotion,0,Bottle
Methylated spirit 100ml,0,Bottle
Susp. Amoxicillin 125mg/5ml,0,Bottle
susp. Ampiclox 125mg/5ml,0,Bottle
Susp. Co-trimoxazole 240mg/5ml,0,Bottle
Susp. Erythromycin 125mg/5ml,0,Bottle
Syp Multivite,0,Bottle
Syr Albendazole 100mg/5ml,0,Bottle
syr Cough Syrup (A) 100ml,0,Bottle
syr Cough Syrup (P) 100ml,0,Bottle
syr Ferric amonium citrate 400mg/5ml,0,Bottle
syr Vitamin B complex,0,Bottle
lotion Benzylbenzoate lotion,0,Bottle
Methylated spirit 100ml,0,Bottle
susp Magnessium Trisilicate 200ml,0,Bottle
susp Metronidazole 100mg/5ml,0,Bottle
Susp. Amoxicillin 125mg/5ml,0,Bottle
susp. Ampiclox 125mg/5ml,0,Bottle
Susp. Co-trimoxazole 240mg/5ml,0,Bottle
Susp. Erythromycin 125mg/5ml,0,Bottle
Syp Ascorbic acid,0,Bottle
Syp Multivite,0,Bottle
Syr Albendazole 100mg/5ml,0,Bottle
syr Cough Syrup (A) 100ml,0,Bottle
syr Cough Syrup (P) 100ml,0,Bottle
syr Ferric amonium citrate 400mg/5ml,0,Bottle
syr Vitamin B complex,0,Bottle
Syrup Paracetamol 125mg/5ml,0,Bottle
lotion Benzylbenzoate lotion,0,Bottle
Methylated spirit 100ml,0,Bottle
susp Metronidazole 100mg/5ml,0,Bottle
Susp. Amoxicillin 125mg/5ml,0,Bottle
susp. Ampiclox 125mg/5ml,0,Bottle
Syr Albendazole 100mg/5ml,0,Bottle
syr Ferric amonium citrate 400mg/5ml,0,Bottle
lotion Benzylbenzoate lotion,0,Bottle
Methylated spirit 100ml,0,Bottle
Susp. Amoxicillin 125mg/5ml,0,Bottle
susp. Ampiclox 125mg/5ml,0,Bottle
Susp. Erythromycin 125mg/5ml,0,Bottle
Syp Ascorbic acid,0,Bottle
Syp Multivite,0,Bottle
Syr Albendazole 100mg/5ml,0,Bottle
lotion Benzylbenzoate lotion,0,Bottle
Methylated spirit 100ml,0,Bottle
susp Magnessium Trisilicate 200ml,0,Bottle
susp Metronidazole 100mg/5ml,0,Bottle
Susp. Amoxicillin 125mg/5ml,0,Bottle
susp. Ampiclox 125mg/5ml,0,Bottle
Susp. Erythromycin 125mg/5ml,0,Bottle
Syp Ascorbic acid,0,Bottle
Syr Albendazole 100mg/5ml,0,Bottle
syr Ferric amonium citrate 400mg/5ml,0,Bottle
Methylated spirit 100ml,0,Bottle
Susp. Amoxicillin 125mg/5ml,0,Bottle
susp. Ampiclox 125mg/5ml,0,Bottle
Susp. Erythromycin 125mg/5ml,0,Bottle
Syp Ascorbic acid,0,Bottle
syr Ferric amonium citrate 400mg/5ml,0,Bottle
lotion Benzylbenzoate lotion,0,Bottle
Methylated spirit 100ml,0,Bottle
susp Magnessium Trisilicate 200ml,0,Bottle
susp Metronidazole 100mg/5ml,0,Bottle
susp. Ampiclox 125mg/5ml,0,Bottle
Susp. Co-trimoxazole 240mg/5ml,0,Bottle
Susp. Erythromycin 125mg/5ml,0,Bottle
Syp Multivite,0,Bottle
Syr Albendazole 100mg/5ml,0,Bottle
syr Cough Syrup (A) 100ml,0,Bottle
syr Cough Syrup (P) 100ml,0,Bottle
syr Ferric amonium citrate 400mg/5ml,0,Bottle
syr Vitamin B complex,0,Bottle
lotion Benzylbenzoate lotion,0,Bottle
Methylated spirit 100ml,0,Bottle
susp Magnessium Trisilicate 200ml,0,Bottle
susp Metronidazole 100mg/5ml,0,Bottle
Susp. Amoxicillin 125mg/5ml,0,Bottle
susp. Ampiclox 125mg/5ml,0,Bottle
Susp. Co-trimoxazole 240mg/5ml,0,Bottle
Susp. Erythromycin 125mg/5ml,0,Bottle
Syp Ascorbic acid,0,Bottle
Syp Multivite,0,Bottle
Syr Albendazole 100mg/5ml,0,Bottle
syr Cough Syrup (A) 100ml,0,Bottle
syr Ferric amonium citrate 400mg/5ml,0,Bottle
syr Vitamin B complex,0,Bottle
Syrup Paracetamol 125mg/5ml,0,Bottle
Syr Buscopan,0,Bottle
lotion Benzylbenzoate lotion,0,Bottle
susp Metronidazole 100mg/5ml,0,Bottle
susp. Ampiclox 125mg/5ml,0,Bottle
Susp. Co-trimoxazole 240mg/5ml,0,Bottle
Syp Multivite,0,Bottle
Syr Albendazole 100mg/5ml,0,Bottle
syr Cough Syrup (A) 100ml,0,Bottle
syr Ferric amonium citrate 400mg/5ml,0,Bottle
syr Vitamin B complex,0,Bottle
lotion Benzylbenzoate lotion,0,Bottle
Methylated spirit 100ml,0,Bottle
susp Metronidazole 100mg/5ml,0,Bottle
Susp. Amoxicillin 125mg/5ml,0,Bottle
susp. Ampiclox 125mg/5ml,0,Bottle
Susp. Erythromycin 125mg/5ml,0,Bottle
Syp Multivite,0,Bottle
Syr Albendazole 100mg/5ml,0,Bottle
syr Ferric amonium citrate 400mg/5ml,0,Bottle
syr Vitamin B complex,0,Bottle
lotion Benzylbenzoate lotion,0,Bottle
Methylated spirit 100ml,0,Bottle
susp Metronidazole 100mg/5ml,0,Bottle
Susp. Co-trimoxazole 240mg/5ml,0,Bottle
Susp. Erythromycin 125mg/5ml,0,Bottle
Syp Ascorbic acid,0,Bottle
Syp Multivite,0,Bottle
syr Cough Syrup (A) 100ml,0,Bottle
syr Ferric amonium citrate 400mg/5ml,0,Bottle
lotion Benzylbenzoate lotion,0,Bottle
Methylated spirit 100ml,0,Bottle
susp Magnessium Trisilicate 200ml,0,Bottle
susp Metronidazole 100mg/5ml,0,Bottle
Susp. Amoxicillin 125mg/5ml,0,Bottle
susp. Ampiclox 125mg/5ml,0,Bottle
Susp. Co-trimoxazole 240mg/5ml,0,Bottle
Susp. Erythromycin 125mg/5ml,0,Bottle
Syp Ascorbic acid / Tabs B Complex,0,Bottle
Syp Multivite / Tab Multivite,0,Bottle
Syr Albendazole 100mg/5ml,0,Bottle
syr Cough Syrup (A) 100ml,0,Bottle
syr Cough Syrup (P) 100ml,0,Bottle
syr Ferric amonium citrate 400mg/5ml,0,Bottle
syr Vitamin B complex,0,Bottle
Syrup Paracetamol 125mg/5ml,0,Bottle
lotion Benzylbenzoate lotion,0,Bottle
Methylated spirit 100ml,0,Bottle
susp Magnessium Trisilicate 200ml,0,Bottle
Susp. Amoxicillin 125mg/5ml,0,Bottle
Susp. Erythromycin 125mg/5ml,0,Bottle
Syp Ascorbic acid,0,Bottle
syr Ferric amonium citrate 400mg/5ml,0,Bottle
Syrup Paracetamol 125mg/5ml,0,Bottle
lotion Benzylbenzoate lotion,0,Bottle
Methylated spirit 100ml,0,Bottle
susp Magnessium Trisilicate 200ml,0,Bottle
Susp. Amoxicillin 125mg/5ml,0,Bottle
susp. Ampiclox 125mg/5ml,0,Bottle
Susp. Co-trimoxazole 240mg/5ml,0,Bottle
Susp. Erythromycin 125mg/5ml,0,Bottle
Syp Ascorbic acid,0,Bottle
Syp Multivite,0,Bottle
Syr Albendazole 100mg/5ml,0,Bottle
syr Cough Syrup (P) 100ml,0,Bottle
syr Ferric amonium citrate 400mg/5ml,0,Bottle
syr Vitamin B complex,0,Bottle
Syrup Paracetamol 125mg/5ml,0,Bottle
lotion Benzylbenzoate lotion,0,Bottle
Methylated spirit 100ml,0,Bottle
susp Magnessium Trisilicate 200ml,0,Bottle
susp Metronidazole 100mg/5ml,0,Bottle
Susp. Amoxicillin 125mg/5ml,0,Bottle
susp. Ampiclox 125mg/5ml,0,Bottle
Susp. Co-trimoxazole 240mg/5ml,0,Bottle
Susp. Erythromycin 125mg/5ml,0,Bottle
Syp Ascorbic acid,0,Bottle
Syp Multivite,0,Bottle
Syr Albendazole 100mg/5ml,0,Bottle
syr Ferric amonium citrate 400mg/5ml,0,Bottle
syr Vitamin B complex,0,Bottle
Syrup Paracetamol 125mg/5ml,0,Bottle
lotion Benzylbenzoate lotion,0,Bottle
Methylated spirit 100ml,0,Bottle
susp Magnessium Trisilicate 200ml,0,Bottle
susp Metronidazole 100mg/5ml,0,Bottle
Susp. Amoxicillin 125mg/5ml,0,Bottle
susp. Ampiclox 125mg/5ml,0,Bottle
Susp. Co-trimoxazole 240mg/5ml,0,Bottle
Susp. Erythromycin 125mg/5ml,0,Bottle
Syp Ascorbic acid,0,Bottle
Syp Multivite,0,Bottle
Syr Albendazole 100mg/5ml,0,Bottle
syr Cough Syrup (A) 100ml,0,Bottle
syr Ferric amonium citrate 400mg/5ml,0,Bottle
syr Vitamin B complex,0,Bottle
Syrup Paracetamol 125mg/5ml,0,Bottle
lotion Benzylbenzoate lotion,0,Bottle
Methylated spirit 100ml,0,Bottle
susp Magnessium Trisilicate 200ml,0,Bottle
Susp. Amoxicillin 125mg/5ml,0,Bottle
susp. Ampiclox 125mg/5ml,0,Bottle
Susp. Co-trimoxazole 240mg/5ml,0,Bottle
Susp. Erythromycin 125mg/5ml,0,Bottle
Syp Ascorbic acid,0,Bottle
Syp Multivite,0,Bottle
Syr Albendazole 100mg/5ml,0,Bottle
syr Cough Syrup (A) 100ml,0,Bottle
syr Ferric amonium citrate 400mg/5ml,0,Bottle
syr Vitamin B complex,0,Bottle
Syrup Paracetamol 125mg/5ml,0,Bottle
lotion Benzylbenzoate lotion,0,Bottle
Methylated spirit 100ml,0,Bottle
susp Magnessium Trisilicate 200ml,0,Bottle
Susp. Amoxicillin 125mg/5ml,0,Bottle
susp. Ampiclox 125mg/5ml,0,Bottle
Susp. Co-trimoxazole 240mg/5ml,0,Bottle
Susp. Erythromycin 125mg/5ml,0,Bottle
Syp Ascorbic acid,0,Bottle
Syp Multivite,0,Bottle
Syr Albendazole 100mg/5ml,0,Bottle
syr Cough Syrup (A) 100ml,0,Bottle
syr Ferric amonium citrate 400mg/5ml,0,Bottle
lotion Benzylbenzoate lotion,0,Bottle
Methylated spirit 100ml,0,Bottle
susp Magnessium Trisilicate 200ml,0,Bottle
susp Metronidazole 100mg/5ml,0,Bottle
Susp. Amoxicillin 125mg/5ml,0,Bottle
susp. Ampiclox 125mg/5ml,0,Bottle
Susp. Co-trimoxazole 240mg/5ml,0,Bottle
Susp. Erythromycin 125mg/5ml,0,Bottle
Syp Ascorbic acid,0,Bottle
Syp Multivite,0,Bottle
Syr Albendazole 100mg/5ml,0,Bottle
syr Cough Syrup (A) 100ml,0,Bottle
syr Cough Syrup (P) 100ml,0,Bottle
syr Ferric amonium citrate 400mg/5ml,0,Bottle
syr Vitamin B complex,0,Bottle
Syrup Paracetamol 125mg/5ml,0,Bottle
lotion Benzylbenzoate lotion,0,Bottle
Methylated spirit 100ml,0,Bottle
susp Magnessium Trisilicate 200ml,0,Bottle
susp Metronidazole 100mg/5ml,0,Bottle
Susp. Amoxicillin 125mg/5ml,0,Bottle
susp. Ampiclox 125mg/5ml,0,Bottle
Susp. Co-trimoxazole 240mg/5ml,0,Bottle
Susp. Erythromycin 125mg/5ml,0,Bottle
Syp Ascorbic acid,0,Bottle
Syp Multivite,0,Bottle
Syr Albendazole 100mg/5ml,0,Bottle
syr Cough Syrup (A) 100ml,0,Bottle
syr Cough Syrup (P) 100ml,0,Bottle
syr Ferric amonium citrate 400mg/5ml,0,Bottle
syr Vitamin B complex,0,Bottle
Syrup Paracetamol 125mg/5ml,0,Bottle
Methylated spirit 100ml,0,Bottle
susp Magnessium Trisilicate 200ml,0,Bottle
Susp. Amoxicillin 125mg/5ml,0,Bottle
Susp. Erythromycin 125mg/5ml,0,Bottle
Syp Ascorbic acid,0,Bottle
Syp Multivite,0,Bottle
Syr Albendazole 100mg/5ml,0,Bottle
syr Cough Syrup (A) 100ml,0,Bottle
syr Cough Syrup (P) 100ml,0,Bottle
syr Ferric amonium citrate 400mg/5ml,0,Bottle
syr Vitamin B complex,0,Bottle
Syrup Paracetamol 125mg/5ml,0,Bottle
lotion Benzylbenzoate lotion,0,Bottle
Methylated spirit 100ml,0,Bottle
susp Magnessium Trisilicate 200ml,0,Bottle
Susp. Amoxicillin 125mg/5ml,0,Bottle
Susp. Erythromycin 125mg/5ml,0,Bottle
Syp Ascorbic acid,0,Bottle
syr Ferric amonium citrate 400mg/5ml,0,Bottle
lotion Benzylbenzoate lotion,0,Bottle
Methylated spirit 100ml,0,Bottle
susp Magnessium Trisilicate 200ml,0,Bottle
Susp. Amoxicillin 125mg/5ml,0,Bottle
Susp. Erythromycin 125mg/5ml,0,Bottle
Syp Ascorbic acid,0,Bottle
syr Ferric amonium citrate 400mg/5ml,0,Bottle
lotion Benzylbenzoate lotion,0,Bottle
Methylated spirit 100ml,0,Bottle
susp Magnessium Trisilicate 200ml,0,Bottle
Susp. Amoxicillin 125mg/5ml,0,Bottle
susp. Ampiclox 125mg/5ml,0,Bottle
Susp. Co-trimoxazole 240mg/5ml,0,Bottle
Susp. Erythromycin 125mg/5ml,0,Bottle
Syp Multivite,0,Bottle
Syr Albendazole 100mg/5ml,0,Bottle
syr Ferric amonium citrate 400mg/5ml,0,Bottle
Syrup Paracetamol 125mg/5ml,0,Bottle
lotion Benzylbenzoate lotion,0,Bottle
Methylated spirit 100ml,0,Bottle
susp Magnessium Trisilicate 200ml,0,Bottle
Susp. Amoxicillin 125mg/5ml,0,Bottle
Susp. Erythromycin 125mg/5ml,0,Bottle
syr Ferric amonium citrate 400mg/5ml,0,Bottle
lotion Benzylbenzoate lotion,0,Bottle
Methylated spirit 100ml,0,Bottle
susp Magnessium Trisilicate 200ml,0,Bottle
Susp. Amoxicillin 125mg/5ml,0,Bottle
Susp. Erythromycin 125mg/5ml,0,Bottle
Syp Ascorbic acid,0,Bottle
Syr Albendazole 100mg/5ml,0,Bottle
syr Ferric amonium citrate 400mg/5ml,0,Bottle
syr Vitamin B complex,0,Bottle
lotion Benzylbenzoate lotion,0,Bottle
Methylated spirit 100ml,0,Bottle
susp Magnessium Trisilicate 200ml,0,Bottle
Susp. Amoxicillin 125mg/5ml,0,Bottle
susp. Ampiclox 125mg/5ml,0,Bottle
Susp. Erythromycin 125mg/5ml,0,Bottle
Syr Albendazole 100mg/5ml,0,Bottle
syr Ferric amonium citrate 400mg/5ml,0,Bottle
syr Vitamin B complex,0,Bottle
Syrup Paracetamol 125mg/5ml,0,Bottle
lotion Benzylbenzoate lotion,0,Bottle
susp Magnessium Trisilicate 200ml,0,Bottle
Susp. Amoxicillin 125mg/5ml,0,Bottle
susp. Ampiclox 125mg/5ml,0,Bottle
Susp. Erythromycin 125mg/5ml,0,Bottle
Methylated spirit 100ml,0,Bottle
Susp. Amoxicillin 125mg/5ml,0,Bottle
susp. Ampiclox 125mg/5ml,0,Bottle
Susp. Erythromycin 125mg/5ml,0,Bottle
Syp Ascorbic acid,0,Bottle
syr Ferric amonium citrate 400mg/5ml,0,Bottle
lotion Benzylbenzoate lotion,0,Bottle
Methylated spirit 100ml,0,Bottle
susp Magnessium Trisilicate 200ml,0,Bottle
susp Metronidazole 100mg/5ml,0,Bottle
Susp. Amoxicillin 125mg/5ml,0,Bottle
susp. Ampiclox 125mg/5ml,0,Bottle
Susp. Co-trimoxazole 240mg/5ml,0,Bottle
Susp. Erythromycin 125mg/5ml,0,Bottle
Syp Ascorbic acid,0,Bottle
Syp Multivite,0,Bottle
Syr Albendazole 100mg/5ml,0,Bottle
syr Cough Syrup (A) 100ml,0,Bottle
syr Cough Syrup (P) 100ml,0,Bottle
syr Ferric amonium citrate 400mg/5ml,0,Bottle
syr Vitamin B complex,0,Bottle
Syrup Paracetamol 125mg/5ml,0,Bottle
lotion Benzylbenzoate lotion,0,Bottle
Methylated spirit 100ml,0,Bottle
susp Magnessium Trisilicate 200ml,0,Bottle
susp Metronidazole 100mg/5ml,0,Bottle
Susp. Amoxicillin 125mg/5ml,0,Bottle
susp. Ampiclox 125mg/5ml,0,Bottle
Susp. Co-trimoxazole 240mg/5ml,0,Bottle
Susp. Erythromycin 125mg/5ml,0,Bottle
Syp Ascorbic acid,0,Bottle
Syp Multivite,0,Bottle
Syr Albendazole 100mg/5ml,0,Bottle
syr Cough Syrup (A) 100ml,0,Bottle
syr Cough Syrup (P) 100ml,0,Bottle
syr Ferric amonium citrate 400mg/5ml,0,Bottle
syr Vitamin B complex,0,Bottle
Syrup Paracetamol 125mg/5ml,0,Bottle
Methylated spirit 100ml,0,Bottle
susp Magnessium Trisilicate 200ml,0,Bottle
Susp. Amoxicillin 125mg/5ml,0,Bottle
Susp. Erythromycin 125mg/5ml,0,Bottle
Syp Ascorbic acid,0,Bottle
syr Ferric amonium citrate 400mg/5ml,0,Bottle
lotion Benzylbenzoate lotion,0,Bottle
susp. Ampiclox 125mg/5ml,0,Bottle
Susp. Co-trimoxazole 240mg/5ml,0,Bottle
Syp Multivite,0,Bottle
Syr Albendazole 100mg/5ml,0,Bottle
syr Ferric amonium citrate 400mg/5ml,0,Bottle
syr Vitamin B complex,0,Bottle
lotion Benzylbenzoate lotion,0,Bottle
Methylated spirit 100ml,0,Bottle
susp Magnessium Trisilicate 200ml,0,Bottle
Susp. Amoxicillin 125mg/5ml,0,Bottle
susp. Ampiclox 125mg/5ml,0,Bottle
Susp. Co-trimoxazole 240mg/5ml,0,Bottle
Susp. Erythromycin 125mg/5ml,0,Bottle
Syp Multivite,0,Bottle
Syr Albendazole 100mg/5ml,0,Bottle
syr Cough Syrup (A) 100ml,0,Bottle
syr Cough Syrup (P) 100ml,0,Bottle
syr Ferric amonium citrate 400mg/5ml,0,Bottle
syr Vitamin B complex,0,Bottle
lotion Benzylbenzoate lotion,0,Bottle
Methylated spirit 100ml,0,Bottle
susp Metronidazole 100mg/5ml,0,Bottle
Susp. Amoxicillin 125mg/5ml,0,Bottle
susp. Ampiclox 125mg/5ml,0,Bottle
Susp. Co-trimoxazole 240mg/5ml,0,Bottle
Syp Multivite,0,Bottle
Syr Albendazole 100mg/5ml,0,Bottle
syr Ferric amonium citrate 400mg/5ml,0,Bottle
syr Vitamin B complex,0,Bottle
Syrup Paracetamol 125mg/5ml,0,Bottle
lotion Benzylbenzoate lotion,0,Bottle
Methylated spirit 100ml,0,Bottle
susp Magnessium Trisilicate 200ml,0,Bottle
Susp. Amoxicillin 125mg/5ml,0,Bottle
Susp. Erythromycin 125mg/5ml,0,Bottle
Syp Ascorbic acid,0,Bottle
syr Ferric amonium citrate 400mg/5ml,0,Bottle
lotion Benzylbenzoate lotion,0,Bottle
Methylated spirit 100ml,0,Bottle
susp Magnessium Trisilicate 200ml,0,Bottle
Susp. Amoxicillin 125mg/5ml,0,Bottle
susp. Ampiclox 125mg/5ml,0,Bottle
Susp. Co-trimoxazole 240mg/5ml,0,Bottle
Susp. Erythromycin 125mg/5ml,0,Bottle
Syp Multivite,0,Bottle
Syr Albendazole 100mg/5ml,0,Bottle
syr Ferric amonium citrate 400mg/5ml,0,Bottle
lotion Benzylbenzoate lotion,0,Bottle
Methylated spirit 100ml,0,Bottle
susp Metronidazole 100mg/5ml,0,Bottle
Susp. Amoxicillin 125mg/5ml,0,Bottle
Susp. Erythromycin 125mg/5ml,0,Bottle
syr Ferric amonium citrate 400mg/5ml,0,Bottle
lotion Benzylbenzoate lotion,0,Bottle
Methylated spirit 100ml,0,Bottle
susp Magnessium Trisilicate 200ml,0,Bottle
Susp. Amoxicillin 125mg/5ml,0,Bottle
susp. Ampiclox 125mg/5ml,0,Bottle
Susp. Erythromycin 125mg/5ml,0,Bottle
Syr Albendazole 100mg/5ml,0,Bottle
syr Ferric amonium citrate 400mg/5ml,0,Bottle
syr Vitamin B complex,0,Bottle
lotion Benzylbenzoate lotion,0,Bottle
susp Magnessium Trisilicate 200ml,0,Bottle
Susp. Amoxicillin 125mg/5ml,0,Bottle
susp. Ampiclox 125mg/5ml,0,Bottle
Susp. Erythromycin 125mg/5ml,0,Bottle
lotion Benzylbenzoate lotion,0,Bottle
Methylated spirit 100ml,0,Bottle
susp Magnessium Trisilicate 200ml,0,Bottle
susp Metronidazole 100mg/5ml,0,Bottle
Susp. Amoxicillin 125mg/5ml,0,Bottle
susp. Ampiclox 125mg/5ml,0,Bottle
Susp. Co-trimoxazole 240mg/5ml,0,Bottle
Susp. Erythromycin 125mg/5ml,0,Bottle
Syp Ascorbic acid,0,Bottle
Syp Multivite,0,Bottle
Syr Albendazole 100mg/5ml,0,Bottle
syr Cough Syrup (P) 100ml,0,Bottle
syr Ferric amonium citrate 400mg/5ml,0,Bottle
Syrup Paracetamol 125mg/5ml,0,Bottle
Methylated spirit 100ml,0,Bottle
susp Magnessium Trisilicate 200ml,0,Bottle
Susp. Amoxicillin 125mg/5ml,0,Bottle
Susp. Erythromycin 125mg/5ml,0,Bottle
Syp Ascorbic acid,0,Bottle
syr Ferric amonium citrate 400mg/5ml,0,Bottle
Methylated spirit 100ml,0,Bottle
susp Magnessium Trisilicate 200ml,0,Bottle
Susp. Amoxicillin 125mg/5ml,0,Bottle
Susp. Erythromycin 125mg/5ml,0,Bottle
Syp Ascorbic acid,0,Bottle
syr Ferric amonium citrate 400mg/5ml,0,Bottle
lotion Benzylbenzoate lotion,0,Bottle
Methylated spirit 100ml,0,Bottle
susp Magnessium Trisilicate 200ml,0,Bottle
susp. Ampiclox 125mg/5ml,0,Bottle
Susp. Co-trimoxazole 240mg/5ml,0,Bottle
Susp. Erythromycin 125mg/5ml,0,Bottle
Syp Ascorbic acid,0,Bottle
Syp Multivite,0,Bottle
Syr Albendazole 100mg/5ml,0,Bottle
syr Ferric amonium citrate 400mg/5ml,0,Bottle
Syrup Paracetamol 125mg/5ml,0,Bottle
lotion Benzylbenzoate lotion,0,Bottle
Methylated spirit 100ml,0,Bottle
susp Magnessium Trisilicate 200ml,0,Bottle
susp Metronidazole 100mg/5ml,0,Bottle
Susp. Amoxicillin 125mg/5ml,0,Bottle
susp. Ampiclox 125mg/5ml,0,Bottle
Susp. Co-trimoxazole 240mg/5ml,0,Bottle
Susp. Erythromycin 125mg/5ml,0,Bottle
Syp Ascorbic acid,0,Bottle
Syp Multivite,0,Bottle
Syr Albendazole 100mg/5ml,0,Bottle
syr Cough Syrup (A) 100ml,0,Bottle
syr Cough Syrup (P) 100ml,0,Bottle
syr Ferric amonium citrate 400mg/5ml,0,Bottle
syr Vitamin B complex,0,Bottle
lotion Benzylbenzoate lotion,0,Bottle
Methylated spirit 100ml,0,Bottle
susp Magnessium Trisilicate 200ml,0,Bottle
susp Metronidazole 100mg/5ml,0,Bottle
Susp. Amoxicillin 125mg/5ml,0,Bottle
susp. Ampiclox 125mg/5ml,0,Bottle
Susp. Co-trimoxazole 240mg/5ml,0,Bottle
Susp. Erythromycin 125mg/5ml,0,Bottle
Syp Multivite / Tab Multivite,0,Bottle
Syr Albendazole 100mg/5ml,0,Bottle
syr Cough Syrup (A) 100ml,0,Bottle
syr Cough Syrup (P) 100ml,0,Bottle
syr Ferric amonium citrate 400mg/5ml,0,Bottle
syr Vitamin B complex,0,Bottle
lotion Benzylbenzoate lotion,0,Bottle
Methylated spirit 100ml,0,Bottle
susp Magnessium Trisilicate 200ml,0,Bottle
susp Metronidazole 100mg/5ml,0,Bottle
Susp. Amoxicillin 125mg/5ml,0,Bottle
susp. Ampiclox 125mg/5ml,0,Bottle
Susp. Co-trimoxazole 240mg/5ml,0,Bottle
Susp. Erythromycin 125mg/5ml,0,Bottle
Syp Multivite,0,Bottle
Syr Albendazole 100mg/5ml,0,Bottle
syr Cough Syrup (A) 100ml,0,Bottle
syr Cough Syrup (P) 100ml,0,Bottle
syr Ferric amonium citrate 400mg/5ml,0,Bottle
syr Vitamin B complex,0,Bottle
Syrup Paracetamol 125mg/5ml,0,Bottle
Methylated spirit 100ml,0,Bottle
susp Magnessium Trisilicate 200ml,0,Bottle
Susp. Amoxicillin 125mg/5ml,0,Bottle
Susp. Erythromycin 125mg/5ml,0,Bottle
Syp Ascorbic acid,0,Bottle
syr Ferric amonium citrate 400mg/5ml,0,Bottle
Methylated spirit 100ml,0,Bottle
susp Magnessium Trisilicate 200ml,0,Bottle
Susp. Amoxicillin 125mg/5ml,0,Bottle
Susp. Erythromycin 125mg/5ml,0,Bottle
Syp Ascorbic acid,0,Bottle
syr Ferric amonium citrate 400mg/5ml,0,Bottle
lotion Benzylbenzoate lotion,0,Bottle
Methylated spirit 100ml,0,Bottle
susp Magnessium Trisilicate 200ml,0,Bottle
Susp. Amoxicillin 125mg/5ml,0,Bottle
susp. Ampiclox 125mg/5ml,0,Bottle
Susp. Co-trimoxazole 240mg/5ml,0,Bottle
Susp. Erythromycin 125mg/5ml,0,Bottle
Syp Ascorbic acid,0,Bottle
Syp Multivite,0,Bottle
Syr Albendazole 100mg/5ml,0,Bottle
syr Ferric amonium citrate 400mg/5ml,0,Bottle
syr Vitamin B complex,0,Bottle
lotion Benzylbenzoate lotion,0,Bottle
Methylated spirit 100ml,0,Bottle
susp Magnessium Trisilicate 200ml,0,Bottle
Susp. Amoxicillin 125mg/5ml,0,Bottle
Susp. Erythromycin 125mg/5ml,0,Bottle
Syp Ascorbic acid,0,Bottle
syr Ferric amonium citrate 400mg/5ml,0,Bottle
Methylated spirit 100ml,0,Bottle
susp Magnessium Trisilicate 200ml,0,Bottle
Susp. Amoxicillin 125mg/5ml,0,Bottle
Susp. Erythromycin 125mg/5ml,0,Bottle
Syp Ascorbic acid,0,Bottle
syr Ferric amonium citrate 400mg/5ml,0,Bottle
lotion Benzylbenzoate lotion,0,Bottle
Methylated spirit 100ml,0,Bottle
susp Magnessium Trisilicate 200ml,0,Bottle
susp. Ampiclox 125mg/5ml,0,Bottle
Susp. Co-trimoxazole 240mg/5ml,0,Bottle
Susp. Erythromycin 125mg/5ml,0,Bottle
Syp Ascorbic acid,0,Bottle
Syp Multivite,0,Bottle
Syr Albendazole 100mg/5ml,0,Bottle
syr Ferric amonium citrate 400mg/5ml,0,Bottle
lotion Benzylbenzoate lotion,0,Bottle
Methylated spirit 100ml,0,Bottle
susp Magnessium Trisilicate 200ml,0,Bottle
Susp. Amoxicillin 125mg/5ml,0,Bottle
susp. Ampiclox 125mg/5ml,0,Bottle
Susp. Co-trimoxazole 240mg/5ml,0,Bottle
Susp. Erythromycin 125mg/5ml,0,Bottle
Syp Multivite / Tab Multivite,0,Bottle
Syr Albendazole 100mg/5ml,0,Bottle
syr Ferric amonium citrate 400mg/5ml,0,Bottle
syr Vitamin B complex,0,Bottle
lotion Benzylbenzoate lotion,0,Bottle
Methylated spirit 100ml,0,Bottle
susp Magnessium Trisilicate 200ml,0,Bottle
susp Metronidazole 100mg/5ml,0,Bottle
Susp. Amoxicillin 125mg/5ml,0,Bottle
susp. Ampiclox 125mg/5ml,0,Bottle
Susp. Co-trimoxazole 240mg/5ml,0,Bottle
Susp. Erythromycin 125mg/5ml,0,Bottle
Syp Ascorbic acid,0,Bottle
Syp Multivite,0,Bottle
Syr Albendazole 100mg/5ml,0,Bottle
syr Ferric amonium citrate 400mg/5ml,0,Bottle
Methylated spirit 100ml,0,Bottle
susp Magnessium Trisilicate 200ml,0,Bottle
Susp. Amoxicillin 125mg/5ml,0,Bottle
Susp. Erythromycin 125mg/5ml,0,Bottle
Syp Ascorbic acid,0,Bottle
syr Ferric amonium citrate 400mg/5ml,0,Bottle
lotion Benzylbenzoate lotion,0,Bottle
Methylated spirit 100ml,0,Bottle
susp Magnessium Trisilicate 200ml,0,Bottle
susp. Ampiclox 125mg/5ml,0,Bottle
Susp. Co-trimoxazole 240mg/5ml,0,Bottle
Susp. Erythromycin 125mg/5ml,0,Bottle
Syp Ascorbic acid,0,Bottle
Syp Multivite,0,Bottle
Syr Albendazole 100mg/5ml,0,Bottle
syr Ferric amonium citrate 400mg/5ml,0,Bottle
Methylated spirit 100ml,0,Bottle
susp Magnessium Trisilicate 200ml,0,Bottle
Susp. Amoxicillin 125mg/5ml,0,Bottle
Susp. Erythromycin 125mg/5ml,0,Bottle
Syp Ascorbic acid,0,Bottle
syr Ferric amonium citrate 400mg/5ml,0,Bottle
lotion Benzylbenzoate lotion,0,Bottle
Methylated spirit 100ml,0,Bottle
susp Magnessium Trisilicate 200ml,0,Bottle
Susp. Amoxicillin 125mg/5ml,0,Bottle
susp. Ampiclox 125mg/5ml,0,Bottle
Susp. Co-trimoxazole 240mg/5ml,0,Bottle
Susp. Erythromycin 125mg/5ml,0,Bottle
Syp Ascorbic acid,0,Bottle
Syp Multivite,0,Bottle
Syr Albendazole 100mg/5ml,0,Bottle
syr Ferric amonium citrate 400mg/5ml,0,Bottle
lotion Benzylbenzoate lotion,0,Bottle
Methylated spirit 100ml,0,Bottle
susp Magnessium Trisilicate 200ml,0,Bottle
Susp. Amoxicillin 125mg/5ml,0,Bottle
Susp. Erythromycin 125mg/5ml,0,Bottle
Syp Ascorbic acid,0,Bottle
syr Ferric amonium citrate 400mg/5ml,0,Bottle
lotion Benzylbenzoate lotion,0,Bottle
Methylated spirit 100ml,0,Bottle
susp Magnessium Trisilicate 200ml,0,Bottle
Susp. Amoxicillin 125mg/5ml,0,Bottle
susp. Ampiclox 125mg/5ml,0,Bottle
Susp. Co-trimoxazole 240mg/5ml,0,Bottle
Susp. Erythromycin 125mg/5ml,0,Bottle
Syr Albendazole 100mg/5ml,0,Bottle
syr Ferric amonium citrate 400mg/5ml,0,Bottle
Cotton Wool 100g,0,Pcs
5% Dextrose saline 1000ml,0,Pcs
5% Dextrose water 500ml,0,Pcs
0.9% Normal saline 1000ml,0,Pcs
Infusion Sets 23g,0,Pcs
Cotton Wool 100g,0,Pcs
5% Dextrose saline 1000ml,0,Pcs
5% Dextrose water 500ml,0,Pcs
0.9% Normal saline 1000ml,0,Pcs
Infusion Sets 23g,0,Pcs
Cotton Wool 100g,0,Pcs
5% Dextrose saline 1000ml,0,Pcs
5% Dextrose water 500ml,0,Pcs
0.9% Normal saline 1000ml,0,Pcs
Cotton Wool 100g,0,Pcs
5% Dextrose saline 1000ml,0,Pcs
5% Dextrose water 500ml,0,Pcs
0.9% Normal saline 1000ml,0,Pcs
Cotton Wool 100g,0,Pcs
5% Dextrose saline 1000ml,0,Pcs
5% Dextrose water 500ml,0,Pcs
0.9% Normal saline 1000ml,0,Pcs
Cotton Wool 100g,0,Pcs
5% Dextrose saline 1000ml,0,Pcs
5% Dextrose water 500ml,0,Pcs
0.9% Normal saline 1000ml,0,Pcs
Cotton Wool 100g,0,Pcs
5% Dextrose saline 1000ml,0,Pcs
5% Dextrose water 500ml,0,Pcs
0.9% Normal saline 1000ml,0,Pcs
Cotton Wool 100g,0,Pcs
5% Dextrose saline 1000ml,0,Pcs
5% Dextrose water 500ml,0,Pcs
0.9% Normal saline 1000ml,0,Pcs
5% Dextrose water 500ml,0,Pcs
Cotton Wool 100g,0,Pcs
5% Dextrose saline 1000ml,0,Pcs
5% Dextrose water 500ml,0,Pcs
0.9% Normal saline 1000ml,0,Pcs
Infusion Sets 23g,0,Pcs
Cotton Wool 100g,0,Pcs
5% Dextrose saline 1000ml,0,Pcs
5% Dextrose water 500ml,0,Pcs
0.9% Normal saline 1000ml,0,Pcs
Infusion Sets 23g,0,Pcs
5% Dextrose water 500ml,0,Pcs
0.9% Normal saline 1000ml,0,Pcs
Cotton Wool 100g,0,Pcs
5% Dextrose water 500ml,0,Pcs
0.9% Normal saline 1000ml,0,Pcs
Cotton Wool 100g,0,Pcs
5% Dextrose saline 1000ml,0,Pcs
5% Dextrose water 500ml,0,Pcs
0.9% Normal saline 1000ml,0,Pcs
Infusion Sets 23g,0,Pcs
Cotton Wool 100g,0,Pcs
5% Dextrose saline 1000ml,0,Pcs
5% Dextrose water 500ml,0,Pcs
0.9% Normal saline 1000ml,0,Pcs
Cotton Wool 100g,0,Pcs
5% Dextrose water 500ml,0,Pcs
Infusion Sets 23g,0,Pcs
Cotton Wool 100g,0,Pcs
5% Dextrose saline 1000ml,0,Pcs
5% Dextrose water 500ml,0,Pcs
0.9% Normal saline 1000ml,0,Pcs
Infusion Sets 23g,0,Pcs
Butterfly Needle 21G,0,Pcs
Cotton Wool 100g,0,Pcs
5% Dextrose saline 1000ml,0,Pcs
5% Dextrose water 500ml,0,Pcs
Cotton Wool 100g,0,Pcs
5% Dextrose saline 1000ml,0,Pcs
5% Dextrose water 500ml,0,Pcs
0.9% Normal saline 1000ml,0,Pcs
5% Dextrose saline 500mls,0,Pcs
5% Dextrose water 500mls,0,Pcs
0.9% Normal saline 500mls,0,Pcs
Cotton Wool 100g,0,Pcs
5% Dextrose saline 1000ml,0,Pcs
5% Dextrose water 500ml,0,Pcs
0.9% Normal saline 1000ml,0,Pcs
Infusion Sets 23g,0,Pcs
5% Dextrose water 500ml,0,Pcs
0.9% Normal saline 1000ml,0,Pcs
5% Dextrose saline 1000ml,0,Pcs
5% Dextrose water 500ml,0,Pcs
5% Dextrose saline 1000ml,0,Pcs
5% Dextrose saline 1000ml,0,Pcs
5% Dextrose water 500ml,0,Pcs
5% Dextrose water 500ml,0,Pcs
Cotton Wool 100g,0,Pcs
5% Dextrose saline 1000ml,0,Pcs
5% Dextrose water 500ml,0,Pcs
0.9% Normal saline 1000ml,0,Pcs
5% Dextrose saline 1000ml,0,Pcs
5% Dextrose water 500ml,0,Pcs
0.9% Normal saline 1000ml,0,Pcs
Infusion Sets 23g,0,Pcs
Cotton Wool 100g,0,Pcs
5% Dextrose saline 1000ml,0,Pcs
5% Dextrose water 500ml,0,Pcs
0.9% Normal saline 1000ml,0,Pcs
5% Dextrose water 500mls,0,Pcs
Cotton Wool 100g,0,Pcs
5% Dextrose saline 1000ml,0,Pcs
5% Dextrose water 500ml,0,Pcs
0.9% Normal saline 1000ml,0,Pcs
0.9% Normal saline 1000ml,0,Pcs
Cotton Wool 100g,0,Pcs
5% Dextrose saline 1000ml,0,Pcs
5% Dextrose water 500ml,0,Pcs
0.9% Normal saline 1000ml,0,Pcs
Cotton Wool 100g,0,Pcs
5% Dextrose saline 1000ml,0,Pcs
5% Dextrose water 500ml,0,Pcs
0.9% Normal saline 1000ml,0,Pcs
Infusion Sets 23g,0,Pcs
5% Dextrose saline 1000ml,0,Pcs
5% Dextrose water 500ml,0,Pcs
0.9% Normal saline 1000ml,0,Pcs
Infusion Sets 23g,0,Pcs
Cotton Wool 100g,0,Pcs
5% Dextrose saline 1000ml,0,Pcs
5% Dextrose water 500ml,0,Pcs
0.9% Normal saline 1000ml,0,Pcs
Infusion Sets 23g,0,Pcs
Cotton Wool 100g,0,Pcs
5% Dextrose saline 1000ml,0,Pcs
5% Dextrose water 500ml,0,Pcs
Cotton Wool 100g,0,Pcs
5% Dextrose saline 1000ml,0,Pcs
5% Dextrose water 500ml,0,Pcs
0.9% Normal saline 1000ml,0,Pcs
5% Dextrose saline 1000ml,0,Pcs
5% Dextrose water 500ml,0,Pcs
0.9% Normal saline 1000ml,0,Pcs
5% Dextrose saline 1000ml,0,Pcs
5% Dextrose water 500ml,0,Pcs
0.9% Normal saline 1000ml,0,Pcs
5% Dextrose water 500mls,0,Pcs
Cotton Wool 100g,0,Pcs
5% Dextrose saline 1000ml,0,Pcs
5% Dextrose water 500ml,0,Pcs
0.9% Normal saline 1000ml,0,Pcs
Infusion Sets 23g,0,Pcs
5% Dextrose saline 1000ml,0,Pcs
5% Dextrose water 500ml,0,Pcs
Cotton Wool 100g,0,Pcs
5% Dextrose saline 1000ml,0,Pcs
5% Dextrose water 500ml,0,Pcs
0.9% Normal saline 1000ml,0,Pcs
5% Dextrose saline 1000ml,0,Pcs
5% Dextrose water 500ml,0,Pcs
0.9% Normal saline 1000ml,0,Pcs
Cotton Wool 100g,0,Pcs
5% Dextrose saline 1000ml,0,Pcs
5% Dextrose water 500ml,0,Pcs
0.9% Normal saline 1000ml,0,Pcs
Cotton Wool 100g,0,Pcs
5% Dextrose saline 1000ml,0,Pcs
5% Dextrose water 500ml,0,Pcs
0.9% Normal saline 1000ml,0,Pcs
5% Dextrose saline 1000ml,0,Pcs
5% Dextrose water 500ml,0,Pcs
0.9% Normal saline 1000ml,0,Pcs
Infusion Sets 23g,0,Pcs
5% Dextrose water 500mls,0,Pcs
5% Dextrose saline 1000ml,0,Pcs
5% Dextrose water 500ml,0,Pcs
0.9% Normal saline 1000ml,0,Pcs
Infusion Sets 23g,0,Pcs
Cotton Wool 100g,0,Pcs
5% Dextrose saline 1000ml,0,Pcs
5% Dextrose saline 1000ml,0,Pcs
5% Dextrose water 500ml,0,Pcs
0.9% Normal saline 1000ml,0,Pcs
Infusion Sets 23g,0,Pcs
Cotton Wool 100g,0,Pcs
5% Dextrose saline 1000ml,0,Pcs
5% Dextrose water 500ml,0,Pcs
0.9% Normal saline 1000ml,0,Pcs
Infusion Sets 23g,0,Pcs
Cotton Wool 100g,0,Pcs
5% Dextrose saline 1000ml,0,Pcs
5% Dextrose water 500ml,0,Pcs
0.9% Normal saline 1000ml,0,Pcs
Infusion Sets 23g,0,Pcs
Cotton Wool 100g,0,Pcs
5% Dextrose saline 1000ml,0,Pcs
5% Dextrose water 500ml,0,Pcs
0.9% Normal saline 1000ml,0,Pcs
Infusion Sets 23g,0,Pcs
Cotton Wool 100g,0,Pcs
5% Dextrose saline 1000ml,0,Pcs
5% Dextrose water 500ml,0,Pcs
0.9% Normal saline 1000ml,0,Pcs
Cotton Wool 100g,0,Pcs
5% Dextrose saline 1000ml,0,Pcs
5% Dextrose water 500ml,0,Pcs
0.9% Normal saline 1000ml,0,Pcs
Infusion Sets 23g,0,Pcs
5% Dextrose saline 1000ml,0,Pcs
Cotton Wool 100g,0,Pcs
5% Dextrose saline 1000ml,0,Pcs
5% Dextrose water 500ml,0,Pcs
0.9% Normal saline 1000ml,0,Pcs
Cotton Wool 100g,0,Pcs
5% Dextrose saline 1000ml,0,Pcs
5% Dextrose water 500ml,0,Pcs
0.9% Normal saline 1000ml,0,Pcs
Cotton Wool 100g,0,Pcs
5% Dextrose saline 1000ml,0,Pcs
5% Dextrose water 500ml,0,Pcs
0.9% Normal saline 1000ml,0,Pcs
Infusion Sets 23g,0,Pcs
5% Dextrose water 500ml,0,Pcs
0.9% Normal saline 1000ml,0,Pcs
Infusion Sets 23g,0,Pcs
Cotton Wool 100g,0,Pcs
5% Dextrose saline 1000ml,0,Pcs
5% Dextrose water 500ml,0,Pcs
0.9% Normal saline 1000ml,0,Pcs
Cotton Wool 100g,0,Pcs
5% Dextrose saline 1000ml,0,Pcs
5% Dextrose water 500ml,0,Pcs
0.9% Normal saline 1000ml,0,Pcs
Infusion Sets 23g,0,Pcs
Cotton Wool 100g,0,Pcs
5% Dextrose saline 1000ml,0,Pcs
5% Dextrose water 500ml,0,Pcs
0.9% Normal saline 1000ml,0,Pcs
Infusion Sets 23g,0,Pcs
Cotton Wool 100g,0,Pcs
5% Dextrose saline 1000ml,0,Pcs
5% Dextrose water 500ml,0,Pcs
0.9% Normal saline 1000ml,0,Pcs
Cotton Wool 100g,0,Pcs
5% Dextrose saline 1000ml,0,Pcs
0.9% Normal saline 1000ml,0,Pcs
Infusion Sets 23g,0,Pcs
Cotton Wool 100g,0,Pcs
5% Dextrose saline 1000ml,0,Pcs
0.9% Normal saline 1000ml,0,Pcs
Infusion Sets 23g,0,Pcs
I.V Metronidazole 200mg,0,Pcs
I.V Metronidazole 200mg,0,Pcs
I.V Metronidazole 200mg,0,Pcs
I.V Metronidazole 200mg,0,Pcs
I.V Metronidazole 200mg,0,Pcs
I.V Metronidazole 200mg,0,Pcs
I.V Metronidazole 200mg,0,Pcs
I.V Metronidazole 200mg,0,Pcs
I.V Metronidazole 200mg,0,Pcs
I.V Metronidazole 200mg,0,Pcs
I.V Metronidazole 200mg,0,Pcs
I.V Metronidazole 200mg,0,Pcs
I.V Metronidazole 200mg,0,Pcs
I.V Metronidazole 200mg,0,Pcs
I.V Metronidazole 200mg,0,Pcs
I.V Metronidazole 200mg,0,Pcs
I.V Metronidazole 200mg,0,Pcs
I.V Metronidazole 200mg,0,Pcs
I.V Metronidazole 200mg,0,Pcs
I.V Metronidazole 200mg,0,Pcs
I.V Metronidazole 200mg,0,Pcs
I.V Metronidazole 200mg,0,Pcs
I.V Metronidazole 200mg,0,Pcs
I.V Metronidazole 200mg,0,Pcs
I.V Metronidazole 200mg,0,Pcs
I.V Metronidazole 200mg,0,Pcs
I.V Metronidazole 200mg,0,Pcs
I.V Metronidazole 200mg,0,Pcs
I.V Metronidazole 200mg,0,Pcs
I.V Metronidazole 200mg,0,Pcs
I.V Metronidazole 200mg,0,Pcs
I.V Metronidazole 200mg,0,Pcs
I.V Metronidazole 200mg,0,Pcs
I.V Metronidazole 200mg,0,Pcs
I.V Metronidazole 200mg,0,Pcs
I.V Metronidazole 200mg,0,Pcs
I.V Metronidazole 200mg,0,Pcs
I.V Metronidazole 200mg,0,Pcs
I.V Metronidazole 200mg,0,Pcs
I.V Metronidazole 200mg,0,Pcs
I.V Metronidazole 200mg,0,Pcs
I.V Metronidazole 200mg,0,Pcs
I.V Metronidazole 200mg,0,Pcs
I.V Metronidazole 200mg,0,Pcs
I.V Metronidazole 200mg,0,Pcs
I.V Metronidazole 200mg,0,Pcs
I.V Metronidazole 200mg,0,Pcs
I.V Metronidazole 200mg,0,Pcs
I.V Metronidazole 200mg,0,Pcs
I.V Metronidazole 200mg,0,Pcs
I.V Metronidazole 200mg,0,Pcs
I.V Metronidazole 200mg,0,Pcs
I.V Metronidazole 200mg,0,Pcs
I.V Metronidazole 200mg,0,Pcs
I.V Metronidazole 200mg,0,Pcs
I.V Metronidazole 200mg,0,Pcs
I.V Metronidazole 200mg,0,Pcs
I.V Metronidazole 200mg,0,Pcs
I.V Metronidazole 200mg,0,Pcs
I.V Metronidazole 200mg,0,Pcs
I.V Metronidazole 200mg,0,Pcs
I.V Metronidazole 200mg,0,Pcs
I.V Metronidazole 200mg,0,Pcs
I.V Metronidazole 200mg,0,Pcs
I.V Metronidazole 200mg,0,Pcs
I.V Metronidazole 200mg,0,Pcs
I.V Metronidazole 200mg,0,Pcs
Darrows solution full strength 500ml,0,Pcs
Darrows solution full strength 500ml,0,Pcs
Darrows solution full strength 500ml,0,Pcs
Darrows solution full strength 500ml,0,Pcs
Darrows solution full strength 500ml,0,Pcs
Darrows solution full strength 500ml,0,Pcs
Darrows solution full strength 500ml,0,Pcs
Darrows solution full strength 500ml,0,Pcs
Darrows solution full strength 500ml,0,Pcs
Darrows solution full strength 500ml,0,Pcs
Darrows solution full strength 500ml,0,Pcs
Darrows solution full strength 500ml,0,Pcs
Darrows solution full strength 500ml,0,Pcs
Darrows solution full strength 500ml,0,Pcs
Darrows solution full strength 500ml,0,Pcs
Darrows solution full strength 500ml,0,Pcs
Darrows solution full strength 500ml,0,Pcs
Darrows solution full strength 500ml,0,Pcs
Darrows solution full strength 500ml,0,Pcs
Darrows solution full strength 500ml,0,Pcs
Darrows solution full strength 500ml,0,Pcs
Darrows solution full strength 500ml,0,Pcs
Darrows solution full strength 500ml,0,Pcs
Darrows solution full strength 500ml,0,Pcs
Darrows solution full strength 500ml,0,Pcs
Darrows solution full strength 500ml,0,Pcs
Darrows solution full strength 500ml,0,Pcs
Darrows solution full strength 500ml,0,Pcs
Darrows solution full strength 500ml,0,Pcs
Darrows solution full strength 500ml,0,Pcs
Darrows solution full strength 500ml,0,Pcs
Darrows solution full strength 500ml,0,Pcs
Darrows solution full strength 500ml,0,Pcs
Darrows solution full strength 500ml,0,Pcs
Darrows solution full strength 500ml,0,Pcs
Darrows solution full strength 500ml,0,Pcs
Darrows solution full strength 500ml,0,Pcs
Darrows solution full strength 500ml,0,Pcs
Darrows solution full strength 500ml,0,Pcs
Darrows solution full strength 500ml,0,Pcs
Darrows solution full strength 500ml,0,Pcs
Darrows solution full strength 500ml,0,Pcs
Darrows solution full strength 500ml,0,Pcs
Darrows solution full strength 500ml,0,Pcs
Darrows solution full strength 500ml,0,Pcs
Darrows solution full strength 500ml,0,Pcs
Darrows solution full strength 500ml,0,Pcs
Darrows solution full strength 500ml,0,Pcs
Darrows solution full strength 500ml,0,Pcs
Darrows solution full strength 500ml,0,Pcs
Darrows solution full strength 500ml,0,Pcs
Darrows solution full strength 500ml,0,Pcs
Darrows solution full strength 500ml,0,Pcs
Darrows solution full strength 500ml,0,Pcs
Darrows solution full strength 500ml,0,Pcs
Darrows solution full strength 500ml,0,Pcs
Darrows solution full strength 500ml,0,Pcs
Darrows solution full strength 500ml,0,Pcs
Darrows solution full strength 500ml,0,Pcs
Darrows solution full strength 500ml,0,Pcs
Darrows solution full strength 500ml,0,Pcs
Darrows solution full strength 500ml,0,Pcs
Darrows solution full strength 500ml,0,Pcs
Darrows solution full strength 500ml,0,Pcs
Darrows solution full strength 500ml,0,Pcs
Darrows solution full strength 500ml,0,Pcs
Darrows solution full strength 500ml,0,Pcs
Darrows solution full strength 500ml,0,Pcs
Darrows solution 1/2 strength 500ml,0,Pcs
Darrows solution 1/2 strength 500ml,0,Pcs
Darrows solution 1/2 strength 500ml,0,Pcs
Darrows solution 1/2 strength 500ml,0,Pcs
Darrows solution 1/2 strength 500ml,0,Pcs
Darrows solution 1/2 strength 500ml,0,Pcs
Darrows solution 1/2 strength 500ml,0,Pcs
Darrows solution 1/2 strength 500ml,0,Pcs
Darrows solution 1/2 strength 500ml,0,Pcs
Darrows solution 1/2 strength 500ml,0,Pcs
Darrows solution 1/2 strength 500ml,0,Pcs
Darrows solution 1/2 strength 500ml,0,Pcs
Darrows solution 1/2 strength 500ml,0,Pcs
Darrows solution 1/2 strength 500ml,0,Pcs
Darrows solution 1/2 strength 500ml,0,Pcs
Darrows solution 1/2 strength 500ml,0,Pcs
Darrows solution 1/2 strength 500ml,0,Pcs
Darrows solution 1/2 strength 500ml,0,Pcs
Darrows solution 1/2 strength 500ml,0,Pcs
Darrows solution 1/2 strength 500ml,0,Pcs
Darrows solution 1/2 strength 500ml,0,Pcs
Darrows solution 1/2 strength 500ml,0,Pcs
Darrows solution 1/2 strength 500ml,0,Pcs
Darrows solution 1/2 strength 500ml,0,Pcs
Darrows solution 1/2 strength 500ml,0,Pcs
Darrows solution 1/2 strength 500ml,0,Pcs
Darrows solution 1/2 strength 500ml,0,Pcs
Darrows solution 1/2 strength 500ml,0,Pcs
Darrows solution 1/2 strength 500ml,0,Pcs
Darrows solution 1/2 strength 500ml,0,Pcs
Darrows solution 1/2 strength 500ml,0,Pcs
Darrows solution 1/2 strength 500ml,0,Pcs
Darrows solution 1/2 strength 500ml,0,Pcs
Darrows solution 1/2 strength 500ml,0,Pcs
Darrows solution 1/2 strength 500ml,0,Pcs
Darrows solution 1/2 strength 500ml,0,Pcs
Darrows solution 1/2 strength 500ml,0,Pcs
Darrows solution 1/2 strength 500ml,0,Pcs
Darrows solution 1/2 strength 500ml,0,Pcs
Darrows solution 1/2 strength 500ml,0,Pcs
Darrows solution 1/2 strength 500ml,0,Pcs
Darrows solution 1/2 strength 500ml,0,Pcs
Darrows solution 1/2 strength 500ml,0,Pcs
Darrows solution 1/2 strength 500ml,0,Pcs
Darrows solution 1/2 strength 500ml,0,Pcs
Darrows solution 1/2 strength 500ml,0,Pcs
Darrows solution 1/2 strength 500ml,0,Pcs
Darrows solution 1/2 strength 500ml,0,Pcs
Darrows solution 1/2 strength 500ml,0,Pcs
Darrows solution 1/2 strength 500ml,0,Pcs
Darrows solution 1/2 strength 500ml,0,Pcs
Darrows solution 1/2 strength 500ml,0,Pcs
Darrows solution 1/2 strength 500ml,0,Pcs
Darrows solution 1/2 strength 500ml,0,Pcs
Darrows solution 1/2 strength 500ml,0,Pcs
Darrows solution 1/2 strength 500ml,0,Pcs
Darrows solution 1/2 strength 500ml,0,Pcs
Darrows solution 1/2 strength 500ml,0,Pcs
Darrows solution 1/2 strength 500ml,0,Pcs
Darrows solution 1/2 strength 500ml,0,Pcs
Darrows solution 1/2 strength 500ml,0,Pcs
Darrows solution 1/2 strength 500ml,0,Pcs
Darrows solution 1/2 strength 500ml,0,Pcs
Darrows solution 1/2 strength 500ml,0,Pcs
Darrows solution 1/2 strength 500ml,0,Pcs
Darrows solution 1/2 strength 500ml,0,Pcs
Darrows solution 1/2 strength 500ml,0,Pcs
Darrows solution 1/2 strength 500ml,0,Pcs
Darrows solution 1/2 strength 500ml,0,Pcs
Chlorhexidine Gel,0,Tube
Disposable gloves,0,Pairs
Gutt/Ear Gentamycin 0.05,0,Tube
inj Anti tetanus Serum (ATS) 1500i.u,0,Amp
Inj Artmether 80mg/ml,0,Amp
inj Hydrocortisone 100mg,0,Vial
inj Tetanus Toxoid 0.5ml,0,Amp
Chlorhexidine Gel,0,Tube
Inj Artmether 80mg/ml,0,Amp
inj Benzylpenicillin 1mu,0,Vial
inj Hydrocortisone 100mg,0,Vial
Chlorhexidine Gel,0,Tube
Disposable gloves,0,Pairs
Gutt/Ear Gentamycin 0.05,0,Tube
inj Anti tetanus Serum (ATS) 1500i.u,0,Amp
Inj Artmether 80mg/ml,0,Amp
inj Hydrocortisone 100mg,0,Vial
inj Tetanus Toxoid 0.5ml,0,Amp
Chlorhexidine Gel,0,Tube
Disposable gloves,0,Pairs
Inj Artmether 80mg/ml,0,Amp
inj Benzylpenicillin 1mu,0,Vial
inj Hydrocortisone 100mg,0,Vial
Chlorhexidine Gel,0,Tube
Gutt/Ear Gentamycin 0.05,0,Tube
inj Anti tetanus Serum (ATS) 1500i.u,0,Amp
Inj Artmether 80mg/ml,0,Amp
inj Hydrocortisone 100mg,0,Vial
inj Tetanus Toxoid 0.5ml,0,Amp
Chlorhexidine Gel,0,Tube
Disposable gloves,0,Pairs
Inj Artmether 80mg/ml,0,Amp
inj Benzylpenicillin 1mu,0,Vial
inj Hydrocortisone 100mg,0,Vial
Chlorhexidine Gel,0,Tube
Gutt/Ear Gentamycin 0.05,0,Tube
inj Anti tetanus Serum (ATS) 1500i.u,0,Amp
Inj Artmether 80mg/ml,0,Amp
inj Hydrocortisone 100mg,0,Vial
inj Tetanus Toxoid 0.5ml,0,Amp
Chlorhexidine Gel,0,Tube
Disposable gloves,0,Pairs
Gutt/Ear Gentamycin 0.05,0,Tube
inj Anti tetanus Serum (ATS) 1500i.u,0,Amp
Inj Artmether 80mg/ml,0,Amp
inj Benzylpenicillin 1mu,0,Vial
inj Hydrocortisone 100mg,0,Vial
inj Tetanus Toxoid 0.5ml,0,Amp
Chlorhexidine Gel,0,Tube
Inj Artmether 80mg/ml,0,Amp
inj Benzylpenicillin 1mu,0,Vial
inj Hydrocortisone 100mg,0,Vial
Chlorhexidine Gel,0,Tube
Disposable gloves,0,Pairs
Inj Artmether 80mg/ml,0,Amp
inj Benzylpenicillin 1mu,0,Vial
inj Hydrocortisone 100mg,0,Vial
Chlorhexidine Gel,0,Tube
Gutt/Ear Gentamycin 0.05,0,Tube
inj Anti tetanus Serum (ATS) 1500i.u,0,Amp
Inj Artmether 80mg/ml,0,Amp
inj Hydrocortisone 100mg,0,Vial
inj Tetanus Toxoid 0.5ml,0,Amp
Chlorhexidine Gel,0,Tube
Disposable gloves,0,Pairs
Inj Artmether 80mg/ml,0,Amp
inj Benzylpenicillin 1mu,0,Vial
inj Hydrocortisone 100mg,0,Vial
Chlorhexidine Gel,0,Tube
Disposable gloves,0,Pairs
Inj Artmether 80mg/ml,0,Amp
inj Benzylpenicillin 1mu,0,Vial
inj Hydrocortisone 100mg,0,Vial
Chlorhexidine Gel,0,Tube
Disposable gloves,0,Pairs
Gutt/Ear Gentamycin 0.05,0,Tube
inj Anti tetanus Serum (ATS) 1500i.u,0,Amp
Inj Artmether 80mg/ml,0,Amp
inj Hydrocortisone 100mg,0,Vial
inj Tetanus Toxoid 0.5ml,0,Amp
Chlorhexidine Gel,0,Tube
Gutt/Ear Gentamycin 0.05,0,Tube
inj Anti tetanus Serum (ATS) 1500i.u,0,Amp
Inj Artmether 80mg/ml,0,Amp
inj Hydrocortisone 100mg,0,Vial
inj Tetanus Toxoid 0.5ml,0,Amp
Chlorhexidine Gel,0,Tube
Disposable gloves,0,Pairs
Inj Artmether 80mg/ml,0,Amp
inj Benzylpenicillin 1mu,0,Vial
inj Hydrocortisone 100mg,0,Vial
Chlorhexidine Gel,0,Tube
Disposable gloves,0,Pairs
Gutt/Ear Gentamycin 0.05,0,Tube
inj Anti tetanus Serum (ATS) 1500i.u,0,Amp
Inj Artmether 80mg/ml,0,Amp
inj Hydrocortisone 100mg,0,Vial
inj Tetanus Toxoid 0.5ml,0,Amp
Chlorhexidine Gel,0,Tube
Gutt/Ear Gentamycin 0.05,0,Tube
inj Tetanus Toxoid 0.5ml,0,Amp
Chlorhexidine Gel,0,Tube
Disposable gloves,0,Pairs
inj Anti tetanus Serum (ATS) 1500i.u,0,Amp
Inj Artmether 80mg/ml,0,Amp
inj Benzylpenicillin 1mu,0,Vial
inj Tetanus Toxoid 0.5ml,0,Amp
Chlorhexidine Gel,0,Tube
Disposable gloves,0,Pairs
inj Anti tetanus Serum (ATS) 1500i.u,0,Amp
Inj Artmether 80mg/ml,0,Amp
inj Hydrocortisone 100mg,0,Vial
inj Tetanus Toxoid 0.5ml,0,Amp
Chlorhexidine Gel,0,Tube
Disposable gloves,0,Pairs
Gutt/Ear Gentamycin 0.05,0,Tube
inj Anti tetanus Serum (ATS) 1500i.u,0,Amp
Inj Artmether 80mg/ml,0,Amp
inj Benzylpenicillin 1mu,0,Vial
inj Hydrocortisone 100mg,0,Vial
inj Tetanus Toxoid 0.5ml,0,Amp
Chlorhexidine Gel,0,Tube
Disposable gloves,0,Pairs
Inj Artmether 80mg/ml,0,Amp
inj Benzylpenicillin 1mu,0,Vial
Chlorhexidine Gel,0,Tube
Disposable gloves,0,Pairs
Gutt/Ear Gentamycin 0.05,0,Tube
Inj Artmether 80mg/ml,0,Amp
inj Benzylpenicillin 1mu,0,Vial
inj Hydrocortisone 100mg,0,Vial
Chlorhexidine Gel,0,Tube
Disposable gloves,0,Pairs
Gutt/Ear Gentamycin 0.05,0,Tube
inj Anti tetanus Serum (ATS) 1500i.u,0,Amp
Inj Artmether 80mg/ml,0,Amp
inj Hydrocortisone 100mg,0,Vial
inj Tetanus Toxoid 0.5ml,0,Amp
Chlorhexidine Gel,0,Tube
Gutt/Ear Gentamycin 0.05,0,Tube
inj Anti tetanus Serum (ATS) 1500i.u,0,Amp
Inj Artmether 80mg/ml,0,Amp
inj Hydrocortisone 100mg,0,Vial
inj Tetanus Toxoid 0.5ml,0,Amp
Chlorhexidine Gel,0,Tube
Gutt/Ear Gentamycin 0.05,0,Tube
inj Anti tetanus Serum (ATS) 1500i.u,0,Amp
Inj Artmether 80mg/ml,0,Amp
inj Hydrocortisone 100mg,0,Vial
inj Tetanus Toxoid 0.5ml,0,Amp
Chlorhexidine Gel,0,Tube
Disposable gloves,0,Pairs
Gutt/Ear Gentamycin 0.05,0,Tube
inj Anti tetanus Serum (ATS) 1500i.u,0,Amp
Inj Artmether 80mg/ml,0,Amp
inj Benzylpenicillin 1mu,0,Vial
inj Hydrocortisone 100mg,0,Vial
inj Tetanus Toxoid 0.5ml,0,Amp
Chlorhexidine Gel,0,Tube
Gutt/Ear Gentamycin 0.05,0,Tube
inj Anti tetanus Serum (ATS) 1500i.u,0,Amp
Inj Artmether 80mg/ml,0,Amp
inj Hydrocortisone 100mg,0,Vial
inj Tetanus Toxoid 0.5ml,0,Amp
Chlorhexidine Gel,0,Tube
Gutt/Ear Gentamycin 0.05,0,Tube
inj Anti tetanus Serum (ATS) 1500i.u,0,Amp
Inj Artmether 80mg/ml,0,Amp
inj Benzylpenicillin 1mu,0,Vial
inj Hydrocortisone 100mg,0,Vial
inj Tetanus Toxoid 0.5ml,0,Amp
Chlorhexidine Gel,0,Tube
Disposable gloves,0,Pairs
Gutt/Ear Gentamycin 0.05,0,Tube
inj Anti tetanus Serum (ATS) 1500i.u,0,Amp
Inj Artmether 80mg/ml,0,Amp
inj Benzylpenicillin 1mu,0,Vial
inj Hydrocortisone 100mg,0,Vial
inj Tetanus Toxoid 0.5ml,0,Amp
Chlorhexidine Gel,0,Tube
Disposable gloves,0,Pairs
Gutt/Ear Gentamycin 0.05,0,Tube
inj Anti tetanus Serum (ATS) 1500i.u,0,Amp
Inj Artmether 80mg/ml,0,Amp
inj Benzylpenicillin 1mu,0,Vial
inj Hydrocortisone 100mg,0,Vial
inj Tetanus Toxoid 0.5ml,0,Amp
Chlorhexidine Gel,0,Tube
Disposable gloves,0,Pairs
Inj Artmether 80mg/ml,0,Amp
inj Benzylpenicillin 1mu,0,Vial
inj Hydrocortisone 100mg,0,Vial
Chlorhexidine Gel,0,Tube
Disposable gloves,0,Pairs
inj Anti tetanus Serum (ATS) 1500i.u,0,Amp
Inj Artmether 80mg/ml,0,Amp
inj Benzylpenicillin 1mu,0,Vial
inj Hydrocortisone 100mg,0,Vial
Chlorhexidine Gel,0,Tube
Disposable gloves,0,Pairs
Inj Artmether 80mg/ml,0,Amp
inj Benzylpenicillin 1mu,0,Vial
inj Hydrocortisone 100mg,0,Vial
Chlorhexidine Gel,0,Tube
Disposable gloves,0,Pairs
Gutt/Ear Gentamycin 0.05,0,Tube
inj Anti tetanus Serum (ATS) 1500i.u,0,Amp
Inj Artmether 80mg/ml,0,Amp
inj Benzylpenicillin 1mu,0,Vial
inj Hydrocortisone 100mg,0,Vial
inj Tetanus Toxoid 0.5ml,0,Amp
Chlorhexidine Gel,0,Tube
Disposable gloves,0,Pairs
inj Anti tetanus Serum (ATS) 1500i.u,0,Amp
Inj Artmether 80mg/ml,0,Amp
inj Tetanus Toxoid 0.5ml,0,Amp
Chlorhexidine Gel,0,Tube
Gutt/Ear Gentamycin 0.05,0,Tube
inj Anti tetanus Serum (ATS) 1500i.u,0,Amp
Inj Artmether 80mg/ml,0,Amp
inj Benzylpenicillin 1mu,0,Vial
inj Hydrocortisone 100mg,0,Vial
inj Tetanus Toxoid 0.5ml,0,Amp
Chlorhexidine Gel,0,Tube
Disposable gloves,0,Pairs
inj Anti tetanus Serum (ATS) 1500i.u,0,Amp
Inj Artmether 80mg/ml,0,Amp
inj Benzylpenicillin 1mu,0,Vial
inj Tetanus Toxoid 0.5ml,0,Amp
Chlorhexidine Gel,0,Tube
Disposable gloves,0,Pairs
inj Anti tetanus Serum (ATS) 1500i.u,0,Amp
Inj Artmether 80mg/ml,0,Amp
inj Hydrocortisone 100mg,0,Vial
inj Tetanus Toxoid 0.5ml,0,Amp
Chlorhexidine Gel,0,Tube
Disposable gloves,0,Pairs
Gutt/Ear Gentamycin 0.05,0,Tube
Inj Artmether 80mg/ml,0,Amp
inj Benzylpenicillin 1mu,0,Vial
inj Hydrocortisone 100mg,0,Vial
Chlorhexidine Gel,0,Tube
Disposable gloves,0,Pairs
Gutt/Ear Gentamycin 0.05,0,Tube
inj Anti tetanus Serum (ATS) 1500i.u,0,Amp
Inj Artmether 80mg/ml,0,Amp
inj Benzylpenicillin 1mu,0,Vial
inj Hydrocortisone 100mg,0,Vial
inj Tetanus Toxoid 0.5ml,0,Amp
Chlorhexidine Gel,0,Tube
Disposable gloves,0,Pairs
Gutt/Ear Gentamycin 0.05,0,Tube
inj Anti tetanus Serum (ATS) 1500i.u,0,Amp
Inj Artmether 80mg/ml,0,Amp
inj Benzylpenicillin 1mu,0,Vial
inj Hydrocortisone 100mg,0,Vial
inj Tetanus Toxoid 0.5ml,0,Amp
Chlorhexidine Gel,0,Tube
Disposable gloves,0,Pairs
Inj Artmether 80mg/ml,0,Amp
inj Benzylpenicillin 1mu,0,Vial
inj Hydrocortisone 100mg,0,Vial
Chlorhexidine Gel,0,Tube
Disposable gloves,0,Pairs
Gutt/Ear Gentamycin 0.05,0,Tube
inj Anti tetanus Serum (ATS) 1500i.u,0,Amp
Inj Artmether 80mg/ml,0,Amp
inj Hydrocortisone 100mg,0,Vial
inj Tetanus Toxoid 0.5ml,0,Amp
Chlorhexidine Gel,0,Tube
Disposable gloves,0,Pairs
inj Anti tetanus Serum (ATS) 1500i.u,0,Amp
Inj Artmether 80mg/ml,0,Amp
inj Benzylpenicillin 1mu,0,Vial
inj Hydrocortisone 100mg,0,Vial
inj Tetanus Toxoid 0.5ml,0,Amp
Disposable gloves,0,Pairs
Gutt/Ear Gentamycin 0.05,0,Tube
inj Anti tetanus Serum (ATS) 1500i.u,0,Amp
Inj Artmether 80mg/ml,0,Amp
inj Benzylpenicillin 1mu,0,Vial
inj Tetanus Toxoid 0.5ml,0,Amp
Chlorhexidine Gel,0,Tube
Disposable gloves,0,Pairs
Gutt/Ear Gentamycin 0.05,0,Tube
Inj Artmether 80mg/ml,0,Amp
inj Benzylpenicillin 1mu,0,Vial
inj Hydrocortisone 100mg,0,Vial
inj Tetanus Toxoid 0.5ml,0,Amp
Chlorhexidine Gel,0,Tube
Disposable gloves,0,Pairs
Gutt/Ear Gentamycin 0.05,0,Tube
inj Anti tetanus Serum (ATS) 1500i.u,0,Amp
Inj Artmether 80mg/ml,0,Amp
inj Benzylpenicillin 1mu,0,Vial
inj Hydrocortisone 100mg,0,Vial
inj Tetanus Toxoid 0.5ml,0,Amp
Chlorhexidine Gel,0,Tube
Disposable gloves,0,Pairs
inj Anti tetanus Serum (ATS) 1500i.u,0,Amp
Inj Artmether 80mg/ml,0,Amp
inj Hydrocortisone 100mg,0,Vial
Chlorhexidine Gel,0,Tube
Disposable gloves,0,Pairs
Inj Artmether 80mg/ml,0,Amp
inj Hydrocortisone 100mg,0,Vial
Chlorhexidine Gel,0,Tube
Disposable gloves,0,Pairs
Inj Artmether 80mg/ml,0,Amp
inj Tetanus Toxoid 0.5ml,0,Amp
Chlorhexidine Gel,0,Tube
Disposable gloves,0,Pairs
Inj Artmether 80mg/ml,0,Amp
inj Benzylpenicillin 1mu,0,Vial
inj Hydrocortisone 100mg,0,Vial
Chlorhexidine Gel,0,Tube
Gutt/Ear Gentamycin 0.05,0,Tube
inj Anti tetanus Serum (ATS) 1500i.u,0,Amp
Inj Artmether 80mg/ml,0,Amp
inj Benzylpenicillin 1mu,0,Vial
inj Hydrocortisone 100mg,0,Vial
inj Tetanus Toxoid 0.5ml,0,Amp
Chlorhexidine Gel,0,Tube
Disposable gloves,0,Pairs
inj Anti tetanus Serum (ATS) 1500i.u,0,Amp
Inj Artmether 80mg/ml,0,Amp
inj Tetanus Toxoid 0.5ml,0,Amp
Chlorhexidine Gel,0,Tube
Gutt/Ear Gentamycin 0.05,0,Tube
inj Anti tetanus Serum (ATS) 1500i.u,0,Amp
Inj Artmether 80mg/ml,0,Amp
Insulin (Actrapid),0,Vial
Inj Oxytocin,0,Amp
Inj Ceftriazone/Sulbactam 1.5g,0,Vial
Inj Ceftriazone,0,Vial
Chlorhexidine Gel,0,Tube
Disposable gloves,0,Pairs
Gutt/Ear Gentamycin 0.05,0,Tube
inj Anti tetanus Serum (ATS) 1500i.u,0,Amp
Inj Artmether 80mg/ml,0,Amp
inj Benzylpenicillin 1mu,0,Vial
inj Hydrocortisone 100mg,0,Vial
inj Tetanus Toxoid 0.5ml,0,Amp
Chlorhexidine Gel,0,Tube
Disposable gloves,0,Pairs
inj Anti tetanus Serum (ATS) 1500i.u,0,Amp
Inj Artmether 80mg/ml,0,Amp
inj Benzylpenicillin 1mu,0,Vial
inj Hydrocortisone 100mg,0,Vial
inj Tetanus Toxoid 0.5ml,0,Amp
Chlorhexidine Gel,0,Tube
Disposable gloves,0,Pairs
inj Anti tetanus Serum (ATS) 1500i.u,0,Amp
Inj Artmether 80mg/ml,0,Amp
inj Tetanus Toxoid 0.5ml,0,Amp
Chlorhexidine Gel,0,Tube
Disposable gloves,0,Pairs
Gutt/Ear Gentamycin 0.05,0,Tube
inj Anti tetanus Serum (ATS) 1500i.u,0,Amp
Inj Artmether 80mg/ml,0,Amp
inj Hydrocortisone 100mg,0,Vial
inj Tetanus Toxoid 0.5ml,0,Amp
Chlorhexidine Gel,0,Tube
Disposable gloves,0,Pairs
Gutt/Ear Gentamycin 0.05,0,Tube
inj Anti tetanus Serum (ATS) 1500i.u,0,Amp
Inj Artmether 80mg/ml,0,Amp
inj Benzylpenicillin 1mu,0,Vial
inj Hydrocortisone 100mg,0,Vial
inj Tetanus Toxoid 0.5ml,0,Amp
Chlorhexidine Gel,0,Tube
Disposable gloves,0,Pairs
Gutt/Ear Gentamycin 0.05,0,Tube
Inj Artmether 80mg/ml,0,Amp
inj Benzylpenicillin 1mu,0,Vial
inj Hydrocortisone 100mg,0,Vial
Chlorhexidine Gel,0,Tube
Disposable gloves,0,Pairs
Gutt/Ear Gentamycin 0.05,0,Tube
inj Anti tetanus Serum (ATS) 1500i.u,0,Amp
Inj Artmether 80mg/ml,0,Amp
inj Benzylpenicillin 1mu,0,Vial
inj Hydrocortisone 100mg,0,Vial
inj Tetanus Toxoid 0.5ml,0,Amp
Chlorhexidine Gel,0,Tube
Gutt/Ear Gentamycin 0.05,0,Tube
inj Anti tetanus Serum (ATS) 1500i.u,0,Amp
Inj Artmether 80mg/ml,0,Amp
inj Benzylpenicillin 1mu,0,Vial
inj Hydrocortisone 100mg,0,Vial
inj Tetanus Toxoid 0.5ml,0,Amp
Chlorhexidine Gel,0,Tube
Disposable gloves,0,Pairs
Gutt/Ear Gentamycin 0.05,0,Tube
inj Anti tetanus Serum (ATS) 1500i.u,0,Amp
Inj Artmether 80mg/ml,0,Amp
inj Hydrocortisone 100mg,0,Vial
inj Tetanus Toxoid 0.5ml,0,Amp
Chlorhexidine Gel,0,Tube
Disposable gloves,0,Pairs
Gutt/Ear Gentamycin 0.05,0,Tube
inj Anti tetanus Serum (ATS) 1500i.u,0,Amp
Inj Artmether 80mg/ml,0,Amp
inj Tetanus Toxoid 0.5ml,0,Amp
Chlorhexidine Gel,0,Tube
Disposable gloves,0,Pairs
inj Anti tetanus Serum (ATS) 1500i.u,0,Amp
Inj Artmether 80mg/ml,0,Amp
inj Benzylpenicillin 1mu,0,Vial
inj Hydrocortisone 100mg,0,Vial
Chlorhexidine Gel,0,Tube
Gutt/Ear Gentamycin 0.05,0,Tube
inj Anti tetanus Serum (ATS) 1500i.u,0,Amp
Inj Artmether 80mg/ml,0,Amp
inj Benzylpenicillin 1mu,0,Vial
inj Hydrocortisone 100mg,0,Vial
inj Tetanus Toxoid 0.5ml,0,Amp
Chlorhexidine Gel,0,Tube
Disposable gloves,0,Pairs
Gutt/Ear Gentamycin 0.05,0,Tube
Inj Artmether 80mg/ml,0,Amp
inj Benzylpenicillin 1mu,0,Vial
inj Hydrocortisone 100mg,0,Vial
Chlorhexidine Gel,0,Tube
Disposable gloves,0,Pairs
Gutt/Ear Gentamycin 0.05,0,Tube
inj Anti tetanus Serum (ATS) 1500i.u,0,Amp
Inj Artmether 80mg/ml,0,Amp
inj Hydrocortisone 100mg,0,Vial
inj Tetanus Toxoid 0.5ml,0,Amp
Chlorhexidine Gel,0,Tube
Disposable gloves,0,Pairs
Gutt/Ear Gentamycin 0.05,0,Tube
inj Anti tetanus Serum (ATS) 1500i.u,0,Amp
Inj Artmether 80mg/ml,0,Amp
inj Benzylpenicillin 1mu,0,Vial
inj Hydrocortisone 100mg,0,Vial
inj Tetanus Toxoid 0.5ml,0,Amp
5% Dextrose saline 1000ml,0,Pcs
0.9% Normal saline 1000ml,0,Pcs
Infusion Sets 23g,0,Pcs
inj Anti tetanus Serum (ATS) 1500i.u,0,Amp
inj Benzylpenicillin 1mu,0,Vial
Syp Ascorbic acid,0,Bottle
Syr Albendazole 100mg/5ml,0,Bottle
syr Vitamin B complex,0,Bottle
Gutt/Ear Gentamycin 0.05,0,Tube
syr Ferric amonium citrate 400mg/5ml,0,Bottle
0.9% Normal saline 1000ml,0,Pcs
Gutt/Ear Gentamycin 0.05,0,Tube
syr Vitamin B complex,0,Bottle
Syp Multivite / Tab Multivite,0,Bottle
syr Vitamin B complex,0,Bottle
inj Anti tetanus Serum (ATS) 1500i.u,0,Amp
Inj Artmether 80mg/ml,0,Amp
inj Benzylpenicillin 1mu,0,Vial
syr Cough Syrup (P) 100ml,0,Bottle
inj Benzylpenicillin 1mu,0,Vial
Syrup Paracetamol 125mg/5ml,0,Bottle
Gutt/Ear Gentamycin 0.05,0,Tube
Infusion Sets 23g,0,Pcs
inj Benzylpenicillin 1mu,0,Vial
inj Tetanus Toxoid 0.5ml,0,Amp
Infusion Sets 23g,0,Pcs
inj Benzylpenicillin 1mu,0,Vial
Gutt/Ear Gentamycin 0.05,0,Tube
inj Hydrocortisone 100mg,0,Vial
Infusion Sets 23g,0,Pcs
inj Benzylpenicillin 1mu,0,Vial
I.V Metronidazole 200mg,0,Pcs
Infusion Sets 23g,0,Pcs
Insulin (Insulutard),0,Vial
inj Tetanus Toxoid 0.5ml,0,Amp
Catheter 16,0,Pcs
Plaster,0,roll
Cotton Wool 100g,0,Pcs
I.V Metronidazole 200mg,0,Pcs
Infusion Sets 23g,0,Pcs
inj Hydrocortisone 100mg,0,Vial
5% Dextrose saline 1000ml,0,Pcs
inj Benzylpenicillin 1mu,0,Vial
Infusion Sets 23g,0,Pcs
inj Tetanus Toxoid 0.5ml,0,Amp
Cotton Wool 100g,0,Pcs
5% Dextrose water 500ml,0,Pcs
0.9% Normal saline 1000ml,0,Pcs
Infusion Sets 23g,0,Pcs
inj Benzylpenicillin 1mu,0,Vial
Cotton Wool 100g,0,Pcs
Infusion Sets 23g,0,Pcs
Cotton Wool 100g,0,Pcs
Disposable gloves,0,Pairs
inj Benzylpenicillin 1mu,0,Vial
Gutt/Ear Gentamycin 0.05,0,Tube
Infusion Sets 23g,0,Pcs
inj Anti tetanus Serum (ATS) 1500i.u,0,Amp
inj Tetanus Toxoid 0.5ml,0,Amp
Cotton Wool 100g,0,Pcs
Disposable gloves,0,Pairs
5% Dextrose saline 500mls,0,Pcs
0.9% Normal saline 500mls,0,Pcs
Infusion Sets 23g,0,Pcs
inj Benzylpenicillin 1mu,0,Vial
Disposable gloves,0,Pairs
Infusion Sets 23g,0,Pcs
inj Hydrocortisone 100mg,0,Vial
Gutt/Ear Gentamycin 0.05,0,Tube
inj Hydrocortisone 100mg,0,Vial
Cotton Wool 100g,0,Pcs
Gutt/Ear Gentamycin 0.05,0,Tube
Infusion Sets 23g,0,Pcs
inj Tetanus Toxoid 0.5ml,0,Amp
Gutt/Ear Gentamycin 0.05,0,Tube
Infusion Sets 23g,0,Pcs
inj Hydrocortisone 100mg,0,Vial
Gutt/Ear Gentamycin 0.05,0,Tube
Darrows solution full strength 500ml,0,Pcs
5% Dextrose water 500ml,0,Pcs
susp Metronidazole 100mg/5ml,0,Bottle
susp. Ampiclox 125mg/5ml,0,Bottle
Susp. Co-trimoxazole 240mg/5ml,0,Bottle
Syp Multivite,0,Bottle
Syr Albendazole 100mg/5ml,0,Bottle
syr Cough Syrup (A) 100ml,0,Bottle
syr Cough Syrup (P) 100ml,0,Bottle
syr Vitamin B complex,0,Bottle
Syrup Paracetamol 125mg/5ml,0,Bottle
Syp Ascorbic acid,0,Bottle
susp Metronidazole 100mg/5ml,0,Bottle
susp. Ampiclox 125mg/5ml,0,Bottle
Susp. Co-trimoxazole 240mg/5ml,0,Bottle
Syp Multivite,0,Bottle
syr Cough Syrup (A) 100ml,0,Bottle
syr Cough Syrup (P) 100ml,0,Bottle
syr Ferric amonium citrate 400mg/5ml,0,Bottle
Syrup Paracetamol 125mg/5ml,0,Bottle
susp. Ampiclox 125mg/5ml,0,Bottle
syr Ferric amonium citrate 400mg/5ml,0,Bottle
syr Vitamin B complex,0,Bottle
Syp Multivite,0,Bottle
syr Cough Syrup (P) 100ml,0,Bottle
syr Vitamin B complex,0,Bottle
Syrup Paracetamol 125mg/5ml,0,Bottle
Susp Cefixime 125mg/5ml,0,Bottle
Syr Broncholyte,0,Bottle
Susp Ibuprofen,0,Bottle
susp Magnessium Trisilicate 200ml,0,Bottle
susp Metronidazole 100mg/5ml,0,Bottle
Syp Ascorbic acid,0,Bottle
Syrup Paracetamol 125mg/5ml,0,Bottle
susp Magnessium Trisilicate 200ml,0,Bottle
Susp. Erythromycin 125mg/5ml,0,Bottle
Syrup Paracetamol 125mg/5ml,0,Bottle
susp Magnessium Trisilicate 200ml,0,Bottle
Susp. Co-trimoxazole 240mg/5ml,0,Bottle
syr Cough Syrup (A) 100ml,0,Bottle
susp Magnessium Trisilicate 200ml,0,Bottle
Susp. Amoxicillin 125mg/5ml,0,Bottle
susp. Ampiclox 125mg/5ml,0,Bottle
Syr Albendazole 100mg/5ml,0,Bottle
syr Cough Syrup (P) 100ml,0,Bottle
syr Vitamin B complex,0,Bottle
Syrup Paracetamol 125mg/5ml,0,Bottle
syr Cough Syrup (A) 100ml,0,Bottle
syr Cough Syrup (P) 100ml,0,Bottle
syr Vitamin B complex,0,Bottle
Syrup Paracetamol 125mg/5ml,0,Bottle
susp Metronidazole 100mg/5ml,0,Bottle
Susp. Amoxicillin 125mg/5ml,0,Bottle
syr Cough Syrup (A) 100ml,0,Bottle
syr Cough Syrup (P) 100ml,0,Bottle
syr Vitamin B complex,0,Bottle
Syrup Paracetamol 125mg/5ml,0,Bottle
susp Metronidazole 100mg/5ml,0,Bottle
syr Cough Syrup (A) 100ml,0,Bottle
syr Cough Syrup (P) 100ml,0,Bottle
Syrup Paracetamol 125mg/5ml,0,Bottle
susp Metronidazole 100mg/5ml,0,Bottle
susp. Ampiclox 125mg/5ml,0,Bottle
Susp. Co-trimoxazole 240mg/5ml,0,Bottle
Syp Multivite,0,Bottle
Syr Albendazole 100mg/5ml,0,Bottle
syr Cough Syrup (A) 100ml,0,Bottle
syr Cough Syrup (P) 100ml,0,Bottle
syr Vitamin B complex,0,Bottle
Syrup Paracetamol 125mg/5ml,0,Bottle
susp Metronidazole 100mg/5ml,0,Bottle
Syp Ascorbic acid / Tabs B Complex,0,Bottle
syr Cough Syrup (A) 100ml,0,Bottle
syr Cough Syrup (P) 100ml,0,Bottle
Syrup Paracetamol 125mg/5ml,0,Bottle
susp Magnessium Trisilicate 200ml,0,Bottle
susp. Ampiclox 125mg/5ml,0,Bottle
Susp. Co-trimoxazole 240mg/5ml,0,Bottle
Syp Ascorbic acid,0,Bottle
Syp Multivite,0,Bottle
Syr Albendazole 100mg/5ml,0,Bottle
syr Cough Syrup (A) 100ml,0,Bottle
syr Cough Syrup (P) 100ml,0,Bottle
syr Vitamin B complex,0,Bottle
Syrup Paracetamol 125mg/5ml,0,Bottle
susp Metronidazole 100mg/5ml,0,Bottle
Susp. Co-trimoxazole 240mg/5ml,0,Bottle
Syp Ascorbic acid,0,Bottle
Syp Multivite,0,Bottle
syr Cough Syrup (A) 100ml,0,Bottle
syr Cough Syrup (P) 100ml,0,Bottle
Syrup Paracetamol 125mg/5ml,0,Bottle
susp Metronidazole 100mg/5ml,0,Bottle
susp. Ampiclox 125mg/5ml,0,Bottle
Susp. Co-trimoxazole 240mg/5ml,0,Bottle
Syp Multivite,0,Bottle
Syr Albendazole 100mg/5ml,0,Bottle
syr Cough Syrup (A) 100ml,0,Bottle
syr Cough Syrup (P) 100ml,0,Bottle
syr Vitamin B complex,0,Bottle
Syrup Paracetamol 125mg/5ml,0,Bottle
susp Metronidazole 100mg/5ml,0,Bottle
susp. Ampiclox 125mg/5ml,0,Bottle
Susp. Co-trimoxazole 240mg/5ml,0,Bottle
Syp Ascorbic acid,0,Bottle
Syp Multivite,0,Bottle
Syr Albendazole 100mg/5ml,0,Bottle
syr Cough Syrup (A) 100ml,0,Bottle
syr Cough Syrup (P) 100ml,0,Bottle
syr Vitamin B complex,0,Bottle
susp Metronidazole 100mg/5ml,0,Bottle
susp Magnessium Trisilicate 200ml,0,Bottle
susp Metronidazole 100mg/5ml,0,Bottle
Syp Ascorbic acid,0,Bottle
Syrup Paracetamol 125mg/5ml,0,Bottle
Gutt/Ear Gentamycin 0.05,2,Tube
susp Metronidazole 100mg/5ml,100,Bottle
Susp. Co-trimoxazole 240mg/5ml,100,Bottle
syr Cough Syrup (A) 100ml,110,Bottle
Cotton Wool 100g,1,.2Pcs
Disposable gloves,0,.8Pairs
I.V Ciprofloxacin,63,63Vial
5% Dextrose saline 1000ml,44,44Pcs
5% Dextrose saline 500ml,73,73Pcs
0.9% Normal saline 500ml,51,51Pcs
Inj Amoxicillin 500mg,54,54vials
Inj Aminophyline,6,6Amp
Inj Paraldehyde,4,4Amp
Inj Anti Snake Venom,2,Vial
Inj Metoclopramide,48,48Amp
Inj Vitamin K,10,Amp
Inj Diazepam 10mg/ml,4,4Amp
susp Magnessium Trisilicate 200ml,23,3Bottle
susp Metronidazole 100mg/5ml,9,9Bottle
Susp. Co-trimoxazole 240mg/5ml,12,Bottle
Syp Ascorbic acid,13,3Bottle
Syp Multivite,11,Bottle
syr Cough Syrup (P) 100ml,27,7Bottle
syr Vitamin B complex,7,7Bottle
Urine Bag,3,3Pcs
Catheter 18,5,5Pcs
Chromic 2/0,0,.4pack
Potassium Citrate Mixture,5,5Bottle
Syrup Paracetamol 125mg/5ml,67,67Bottle
Gutt/Ear Gentamycin 0.05,6,6Tube
5% Dextrose saline 1000ml,50,50Pcs
inj Benzylpenicillin 1mu,5,5Vial
Syp Multivite,30,30Bottle
syr Cough Syrup (A) 100ml,60,60Bottle
syr Cough Syrup (P) 100ml,60,60Bottle
syr Vitamin B complex,50,50Bottle
Infusion Sets 23g,50,50Pcs
inj Benzylpenicillin 1mu,50,50Vial
Syp Ascorbic acid,10,Bottle
syr Cough Syrup (P) 100ml,10,Bottle
Syrup Paracetamol 125mg/5ml,40,40Bottle
Cotton Wool 100g,1,Pcs
Gutt/Ear Gentamycin 0.05,10,Tube
inj Benzylpenicillin 1mu,20,Vial
Methylated spirit 100ml,24,4Bottle
susp Metronidazole 100mg/5ml,20,Bottle
Susp. Co-trimoxazole 240mg/5ml,100,Bottle
Syp Ascorbic acid,10,Bottle
Syp Multivite,30,30Bottle
Syr Albendazole 100mg/5ml,10,Bottle
syr Cough Syrup (A) 100ml,60,60Bottle
syr Cough Syrup (P) 100ml,60,60Bottle
syr Ferric amonium citrate 400mg/5ml,20,Bottle
syr Vitamin B complex,50,50Bottle
Syrup Paracetamol 125mg/5ml,50,50Bottle
Syp Ascorbic acid,3,3Bottle
Cotton Wool 100g,3,3Pcs
Cotton Wool 100g,1,Pcs
Gutt/Ear Gentamycin 0.05,10,Tube
5% Dextrose saline 1000ml,100,Pcs
inj Benzylpenicillin 1mu,20,Vial
Methylated spirit 100ml,20,Bottle
Susp. Co-trimoxazole 240mg/5ml,100,Bottle
Syp Ascorbic acid,10,Bottle
Syp Multivite,30,30Bottle
Syr Albendazole 100mg/5ml,10,Bottle
syr Cough Syrup (P) 100ml,60,60Bottle
syr Ferric amonium citrate 400mg/5ml,20,Bottle
syr Vitamin B complex,50,50Bottle
Syrup Paracetamol 125mg/5ml,50,50Bottle
Gutt/Ear Gentamycin 0.05,5,5Tube
Infusion Sets 23g,50,50Pcs
inj Tetanus Toxoid 0.5ml,50,50Amp
lotion Benzylbenzoate lotion,5,5Bottle
susp Metronidazole 100mg/5ml,50,50Bottle
susp. Ampiclox 125mg/5ml,30,30Bottle
Susp. Co-trimoxazole 240mg/5ml,50,50Bottle
Syr Albendazole 100mg/5ml,10,Bottle
Infusion Sets 23g,20,Pcs
inj Hydrocortisone 100mg,10,Vial
10% Mannitol,26,6Pcs
Darrows solution full strength 500ml,48,48Pcs
4.3% Dextrose Saline 500ml,87,87Pcs
5% Dextrose water 1000ml,13,3Pcs
50% Dextrose Water,23,3Pcs
inj Benzylpenicillin 1mu,96,96Vial
Inj Magnesium Sulphate,7,7Amp
Inj Vitamin B Co,16,6Vial
Inj Quinine,59,59Amp
Inj Hydrallazine,17,7Amp
inj Gentamicin 80mg,94,94Amp
Clotrimazole Cream,6,6Tube
Nylon 2,0,.3pkt
Nylon 2/0,0,.3pack
Infusion Sets 23g,35,35Pcs
I.V Metronidazole 200mg,6,6Pcs
5% Dextrose saline 1000ml,10,Pcs
0.9% Normal saline 1000ml,12,Pcs
Disposable gloves,3,3Pairs
Cotton Wool 100g,3,3Pcs
5% Dextrose water 500ml,40,40Pcs
Infusion Sets 23g,120,Pcs
inj Hydrocortisone 100mg,8,8Vial
Infusion Sets 23g,30,30Pcs
5% Dextrose saline 1000ml,29,9Pcs
Infusion Sets 23g,62,62Pcs
inj Benzylpenicillin 1mu,68,68Vial
Cotton Wool 100g,2,Pcs
0.9% Normal saline 1000ml,14,4Pcs
Infusion Sets 23g,30,30Pcs
Gutt/Ear Gentamycin 0.05,5,5Tube
0.9% Normal saline 1000ml,10,Pcs
Infusion Sets 23g,50,50Pcs
inj Anti tetanus Serum (ATS) 1500i.u,10,Amp
inj Tetanus Toxoid 0.5ml,50,50Amp
Gutt/Ear Gentamycin 0.05,5,5Tube
Infusion Sets 23g,50,50Pcs
inj Anti tetanus Serum (ATS) 1500i.u,10,Amp
inj Tetanus Toxoid 0.5ml,50,50Amp
inj Anti tetanus Serum (ATS) 1500i.u,8,8Amp
5% Dextrose saline 1000ml,20,Pcs
5% Dextrose water 500ml,30,30Pcs
Infusion Sets 23g,60,60Pcs
inj Benzylpenicillin 1mu,30,30Vial
0.9% Normal saline 1000ml,3,3Pcs
Infusion Sets 23g,20,Pcs
inj Tetanus Toxoid 0.5ml,37,37Amp
Infusion Sets 23g,40,40Pcs
Infusion Sets 23g,100,Pcs
inj Benzylpenicillin 1mu,90,90Vial
Infusion Sets 23g,50,50Pcs
Infusion Sets 23g,50,50Pcs
0.9% Normal saline 1000ml,5,5Pcs
inj Anti tetanus Serum (ATS) 1500i.u,7,7Amp
inj Tetanus Toxoid 0.5ml,43,43Amp
inj Tetanus Toxoid 0.5ml,40,40Amp
Cotton Wool 100g,3,3Pcs
Infusion Sets 23g,65,65Pcs
inj Benzylpenicillin 1mu,55,55Vial
inj Tetanus Toxoid 0.5ml,8,8Amp
Gutt/Ear Gentamycin 0.05,5,5Tube
Infusion Sets 23g,40,40Pcs
inj Benzylpenicillin 1mu,98,98Vial
Cotton Wool 100g,3,3Pcs
5% Dextrose saline 500mls,26,6Pcs
0.9% Normal saline 500mls,31,31Pcs
Infusion Sets 23g,65,65Pcs
inj Benzylpenicillin 1mu,55,55Vial
5% Dextrose water 500ml,32,32Pcs
0.9% Normal saline 1000ml,39,39Pcs
Infusion Sets 23g,62,62Pcs
inj Benzylpenicillin 1mu,68,68Vial
inj Anti tetanus Serum (ATS) 1500i.u,3,3Amp
5% Dextrose water 500ml,10,Pcs
0.9% Normal saline 1000ml,22,Pcs
Infusion Sets 23g,40,40Pcs
Buttefly Needle,120,Pcs
Disposable gloves,70,70Pairs
Infusion Sets 23g,35,35Pcs
Gutt/Ear Gentamycin 0.05,8,8Tube
5% Dextrose water 500ml,50,50Pcs
0.9% Normal saline 1000ml,20,Pcs
inj Benzylpenicillin 1mu,70,70Vial
Chlorhexidine Gel,8,8Tube
5% Dextrose water 500ml,72,72Pcs
inj Hydrocortisone 100mg,8,8Vial
susp Metronidazole 100mg/5ml,30,30Bottle
susp Metronidazole 100mg/5ml,40,40Bottle
susp. Ampiclox 125mg/5ml,20,Bottle
Susp. Co-trimoxazole 240mg/5ml,37,37Bottle
Syp Multivite,35,35Bottle
syr Cough Syrup (A) 100ml,33,33Bottle
syr Cough Syrup (P) 100ml,30,30Bottle
Syp Ascorbic acid,110,Bottle
Susp. Erythromycin 125mg/5ml,17,7Bottle
Syr Albendazole 100mg/5ml,17,7Bottle
syr Cough Syrup (A) 100ml,23,3Bottle
Drop Ampiclox,3,3Bottle
susp Cephalexin 125mg/5ml,5,5Bottle
Syr Paracetamol Drop,8,8Bottle
Susp. Co-trimoxazole 240mg/5ml,100,Bottle
susp Metronidazole 100mg/5ml,32,32Bottle
Susp. Co-trimoxazole 240mg/5ml,27,7Bottle
Syp Multivite,13,3Bottle
syr Cough Syrup (P) 100ml,7,7Bottle
syr Vitamin B complex,29,9Bottle
Susp. Amoxicillin 125mg/5ml,60,60Bottle
Syp Ascorbic acid,35,35Bottle
Syrup Paracetamol 125mg/5ml,70,70Bottle
Susp. Amoxicillin 125mg/5ml,10,Bottle
Syp Ascorbic acid,20,Bottle
syr Cough Syrup (P) 100ml,20,Bottle
susp Metronidazole 100mg/5ml,36,36Bottle
susp. Ampiclox 125mg/5ml,6,6Bottle
Susp. Co-trimoxazole 240mg/5ml,16,6Bottle
Syp Multivite,26,6Bottle
syr Cough Syrup (A) 100ml,28,8Bottle
syr Cough Syrup (P) 100ml,28,8Bottle
syr Vitamin B complex,14,4Bottle
syr Cough Syrup (P) 100ml,8,8Bottle
lotion Benzylbenzoate lotion,5,5Bottle
susp Metronidazole 100mg/5ml,50,50Bottle
susp. Ampiclox 125mg/5ml,30,30Bottle
Susp. Co-trimoxazole 240mg/5ml,50,50Bottle
Syp Multivite,40,40Bottle
Syr Albendazole 100mg/5ml,10,Bottle
syr Cough Syrup (A) 100ml,40,40Bottle
syr Cough Syrup (P) 100ml,40,40Bottle
syr Vitamin B complex,30,30Bottle
Syrup Paracetamol 125mg/5ml,100,Bottle
lotion Benzylbenzoate lotion,4,4Bottle
susp Metronidazole 100mg/5ml,50,50Bottle
susp. Ampiclox 125mg/5ml,30,30Bottle
Susp. Co-trimoxazole 240mg/5ml,50,50Bottle
Syp Multivite,40,40Bottle
Syr Albendazole 100mg/5ml,10,Bottle
syr Cough Syrup (A) 100ml,40,40Bottle
syr Cough Syrup (P) 100ml,40,40Bottle
syr Vitamin B complex,30,30Bottle
Syrup Paracetamol 125mg/5ml,100,Bottle
Syp Multivite,34,34Bottle
syr Cough Syrup (A) 100ml,37,37Bottle
susp Metronidazole 100mg/5ml,5,5Bottle
Syp Ascorbic acid,2,Bottle
syr Cough Syrup (A) 100ml,4,4Bottle
syr Cough Syrup (P) 100ml,14,4Bottle
syr Vitamin B complex,5,5Bottle
syr Cough Syrup (A) 100ml,13,3Bottle
susp Metronidazole 100mg/5ml,30,30Bottle
susp. Ampiclox 125mg/5ml,17,7Bottle
Susp. Co-trimoxazole 240mg/5ml,36,36Bottle
syr Cough Syrup (A) 100ml,26,6Bottle
syr Vitamin B complex,15,5Bottle
Syrup Paracetamol 125mg/5ml,64,64Bottle
susp Metronidazole 100mg/5ml,40,40Bottle
Susp. Co-trimoxazole 240mg/5ml,40,40Bottle
Syp Multivite,20,Bottle
Syr Albendazole 100mg/5ml,8,8Bottle
syr Cough Syrup (P) 100ml,30,30Bottle
Syrup Paracetamol 125mg/5ml,50,50Bottle
susp Metronidazole 100mg/5ml,10,Bottle
syr Cough Syrup (P) 100ml,9,9Bottle
susp Metronidazole 100mg/5ml,41,41Bottle
susp. Ampiclox 125mg/5ml,24,4Bottle
Susp. Co-trimoxazole 240mg/5ml,40,40Bottle
Syp Multivite,32,32Bottle
syr Cough Syrup (A) 100ml,30,30Bottle
syr Cough Syrup (P) 100ml,30,30Bottle
syr Vitamin B complex,20,Bottle
Syrup Paracetamol 125mg/5ml,80,80Bottle
susp. Ampiclox 125mg/5ml,25,5Bottle
Syrup Paracetamol 125mg/5ml,70,70Bottle
Syrup Paracetamol 125mg/5ml,20,Bottle
susp Metronidazole 100mg/5ml,40,40Bottle
susp. Ampiclox 125mg/5ml,20,Bottle
Susp. Co-trimoxazole 240mg/5ml,40,40Bottle
Syrup Paracetamol 125mg/5ml,60,60Bottle
lotion Benzylbenzoate lotion,5,5Bottle
susp Metronidazole 100mg/5ml,50,50Bottle
susp. Ampiclox 125mg/5ml,30,30Bottle
Susp. Co-trimoxazole 240mg/5ml,50,50Bottle
Syp Multivite,40,40Bottle
Syr Albendazole 100mg/5ml,10,Bottle
syr Cough Syrup (P) 100ml,40,40Bottle
Syrup Paracetamol 125mg/5ml,100,Bottle
susp Metronidazole 100mg/5ml,10,Bottle
syr Cough Syrup (A) 100ml,5,5Bottle
syr Cough Syrup (P) 100ml,15,5Bottle
syr Vitamin B complex,5,5Bottle
Syrup Paracetamol 125mg/5ml,100,Bottle
Syrup Paracetamol 125mg/5ml,20,Bottle
syr Cough Syrup (P) 100ml,5,5Bottle
susp Metronidazole 100mg/5ml,6,6Bottle
syr Cough Syrup (P) 100ml,10,Bottle
syr Vitamin B complex,6,6Bottle
susp Metronidazole 100mg/5ml,7,7Bottle
susp. Ampiclox 125mg/5ml,8,8Bottle
Susp. Co-trimoxazole 240mg/5ml,5,5Bottle
susp Metronidazole 100mg/5ml,45,45Bottle
susp. Ampiclox 125mg/5ml,20,Bottle
Susp. Co-trimoxazole 240mg/5ml,46,46Bottle
Syp Multivite,33,33Bottle
Syr Albendazole 100mg/5ml,8,8Bottle
syr Cough Syrup (A) 100ml,36,36Bottle
syr Cough Syrup (P) 100ml,36,36Bottle
syr Vitamin B complex,27,7Bottle
Syrup Paracetamol 125mg/5ml,80,80Bottle
Syp Ascorbic acid,10,Bottle
syr Cough Syrup (P) 100ml,10,Bottle
syr Vitamin B complex,4,4Bottle
Syr Artemether/lumifantrine,20,Bottle
susp Metronidazole 100mg/5ml,44,44Bottle
susp. Ampiclox 125mg/5ml,23,3Bottle
Susp. Co-trimoxazole 240mg/5ml,42,42Bottle
Syp Multivite,40,40Bottle
syr Cough Syrup (A) 100ml,36,36Bottle
syr Cough Syrup (P) 100ml,38,38Bottle
Syrup Paracetamol 125mg/5ml,90,90Bottle
susp Metronidazole 100mg/5ml,150,50Bottle
Susp. Co-trimoxazole 240mg/5ml,160,60Bottle
Syp Ascorbic acid,150,50Bottle
syr Cough Syrup (A) 100ml,150,50Bottle
susp Metronidazole 100mg/5ml,34,34Bottle
Susp. Co-trimoxazole 240mg/5ml,36,36Bottle
Syp Multivite,17,7Bottle
Syr Albendazole 100mg/5ml,2,Bottle
syr Cough Syrup (P) 100ml,17,7Bottle
syr Vitamin B complex,30,30Bottle
Syrup Paracetamol 125mg/5ml,34,34Bottle
Methylated spirit 100ml,5,5Bottle
susp Magnessium Trisilicate 200ml,20,Bottle
Syrup Paracetamol 125mg/5ml,40,40Bottle
Syp Ascorbic acid,20,Bottle
inj Anti tetanus Serum (ATS) 1500i.u,1,Amp
susp Metronidazole 100mg/5ml,3,3Bottle
susp. Ampiclox 125mg/5ml,4,4Bottle
Susp. Co-trimoxazole 240mg/5ml,3,3Bottle
inj Anti tetanus Serum (ATS) 1500i.u,2,Amp
inj Anti tetanus Serum (ATS) 1500i.u,10,Amp
inj Tetanus Toxoid 0.5ml,50,50Amp
Syp Multivite,40,40Bottle
Disposable gloves,30,30Pairs
10% Dextrose Water 500ml,9,9Pcs
Ringers Lactate,6,6Pcs
Inj Amoxy/clav 1.2,7,7vials
inj Hydrocortisone 100mg,7,7Vial
Inj Pentazocin,16,6Amp
Inj Tramadol,4,4Amp
Methylated spirit 100ml,6,6Bottle
syr jawaron,3,3Bottle
Blood Giving set,8,8Pcs
Susp. Co-trimoxazole 240mg/5ml,5,5Bottle
Syp Multivite,18,8Bottle
syr Cough Syrup (A) 100ml,7,7Bottle
syr Cough Syrup (P) 100ml,7,7Bottle
syr Vitamin B complex,8,8Bottle
susp Magnessium Trisilicate 200ml,9,9Bottle
Syr Albendazole 100mg/5ml,1,Bottle
Syrup Paracetamol 125mg/5ml,10,Bottle
syr Cough Syrup (P) 100ml,20,Bottle
0.9% Normal saline 1000ml,10,Pcs
Susp. Erythromycin 125mg/5ml,10,Bottle
Darrows solution 1/2 strength 500ml,10,Pcs
susp Metronidazole 100mg/5ml,2,Bottle
syr Cough Syrup (A) 100ml,5,5Bottle
syr Cough Syrup (A) 100ml,2,Bottle
Cotton Wool 100g,1,Pcs
Disposable gloves,1,Pairs
Syrup Paracetamol 125mg/5ml,15,5Bottle
syr Vitamin B complex,4,4Bottle
inj Hydrocortisone 100mg,51,51Vial
susp. Ampiclox 125mg/5ml,6,6Bottle
Susp. Amoxicillin 125mg/5ml,9,9Bottle
syr Cough Syrup (A) 100ml,2,Bottle
syr Vitamin B complex,5,5Bottle
inj Benzylpenicillin 1mu,15,5Vial
Syrup Paracetamol 125mg/5ml,10,Bottle
5% Dextrose saline 500mls,6,6Pcs
0.9% Normal saline 500mls,11,Pcs
inj Benzylpenicillin 1mu,15,5Vial
Syrup Paracetamol 125mg/5ml,10,Bottle
Cotton Wool 100g,1,Pcs
Disposable gloves,1,Pairs
Gutt/Ear Gentamycin 0.05,2,Tube
inj Anti tetanus Serum (ATS) 1500i.u,4,4Amp
lotion Benzylbenzoate lotion,2,Bottle
susp Metronidazole 100mg/5ml,30,30Bottle
Susp. Co-trimoxazole 240mg/5ml,40,40Bottle
Syp Multivite,30,30Bottle
Syr Albendazole 100mg/5ml,6,6Bottle
syr Cough Syrup (A) 100ml,30,30Bottle
syr Cough Syrup (P) 100ml,25,5Bottle
syr Vitamin B complex,18,8Bottle
susp Metronidazole 100mg/5ml,4,4Bottle
syr Cough Syrup (A) 100ml,5,5Bottle
syr Cough Syrup (P) 100ml,10,Bottle
Susp. Amoxicillin 125mg/5ml,9,9Bottle
susp Metronidazole 100mg/5ml,4,4Bottle
syr Cough Syrup (A) 100ml,5,5Bottle
syr Cough Syrup (P) 100ml,10,Bottle
susp Metronidazole 100mg/5ml,2,Bottle
Syrup Paracetamol 125mg/5ml,5,5Bottle
Gutt/Ear Gentamycin 0.05,1,Tube
inj Tetanus Toxoid 0.5ml,20,Amp
lotion Benzylbenzoate lotion,4,4Bottle
syr Cough Syrup (A) 100ml,2,Bottle
Syp Multivite,110,Bottle
syr Cough Syrup (P) 100ml,140,40Bottle
lotion Benzylbenzoate lotion,4,4Bottle
susp Metronidazole 100mg/5ml,10,Bottle
syr Cough Syrup (A) 100ml,10,Bottle
susp Magnessium Trisilicate 200ml,12,Bottle
Susp. Erythromycin 125mg/5ml,5,5Bottle
syr Cough Syrup (P) 100ml,10,Bottle
Gutt/Ear Gentamycin 0.05,3,3Tube
inj Tetanus Toxoid 0.5ml,46,46Amp
susp Metronidazole 100mg/5ml,35,35Bottle
Susp. Co-trimoxazole 240mg/5ml,33,33Bottle
Syp Multivite,13,3Bottle
Syr Albendazole 100mg/5ml,7,7Bottle
syr Cough Syrup (A) 100ml,33,33Bottle
syr Cough Syrup (P) 100ml,23,3Bottle
syr Vitamin B complex,16,6Bottle
Syrup Paracetamol 125mg/5ml,32,32Bottle
Gutt/Ear Gentamycin 0.05,5,5Tube
Infusion Sets 23g,50,50Pcs
Susp. Co-trimoxazole 240mg/5ml,45,45Bottle
Syr Albendazole 100mg/5ml,10,Bottle
Syrup Paracetamol 125mg/5ml,3,3Bottle
Inj Chlorpromazine,7,7Amp
Inj Cimetidine,5,5Amp
Inj AntiRabies,5,5Vial
Susp Cefuroxime,10,Bottle
Syr Ascorbic Acid drops,7,7Bottle
Syr Chlorpheniramine,3,3Bottle
Hydrogen Peroxide,12,Bottle
Susp. Co-trimoxazole 240mg/5ml,30,30Bottle
inj Anti tetanus Serum (ATS) 1500i.u,10,Amp
inj Tetanus Toxoid 0.5ml,50,50Amp
lotion Benzylbenzoate lotion,4,4Bottle
syr Cough Syrup (A) 100ml,40,40Bottle
5% Dextrose saline 1000ml,20,Pcs
Methylated spirit 100ml,4,4Bottle
susp Magnessium Trisilicate 200ml,15,5Bottle
Syrup Paracetamol 125mg/5ml,30,30Bottle
Cotton Wool 100g,2,Pcs
Disposable gloves,2,Pairs
inj Anti tetanus Serum (ATS) 1500i.u,100,Amp
inj Tetanus Toxoid 0.5ml,2,Amp
Syr Albendazole 100mg/5ml,6,6Bottle
Cotton Wool 100g,2,Pcs
Gutt/Ear Gentamycin 0.05,5,5Tube
Infusion Sets 23g,40,40Pcs
inj Tetanus Toxoid 0.5ml,47,47Amp
susp Metronidazole 100mg/5ml,45,45Bottle
susp. Ampiclox 125mg/5ml,20,Bottle
Susp. Co-trimoxazole 240mg/5ml,46,46Bottle
Syr Albendazole 100mg/5ml,8,8Bottle
syr Cough Syrup (P) 100ml,26,6Bottle
syr Vitamin B complex,27,7Bottle
Syrup Paracetamol 125mg/5ml,80,80Bottle
Cotton Wool 100g,2,Pcs
Gutt/Ear Gentamycin 0.05,3,3Tube
inj Anti tetanus Serum (ATS) 1500i.u,6,6Amp
lotion Benzylbenzoate lotion,3,3Bottle
Syp Multivite,27,7Bottle
Syr Albendazole 100mg/5ml,8,8Bottle
syr Cough Syrup (P) 100ml,20,Bottle
inj Anti tetanus Serum (ATS) 1500i.u,10,Amp
inj Tetanus Toxoid 0.5ml,50,50Amp
lotion Benzylbenzoate lotion,4,4Bottle
syr Cough Syrup (A) 100ml,40,40Bottle
syr Vitamin B complex,30,30Bottle
Cotton Wool 100g,2,Pcs
Cotton Wool 100g,2,Pcs
Disposable gloves,2,Pairs
Cotton Wool 100g,2,Pcs
Disposable gloves,2,Pairs
Syp Ascorbic acid / Tabs B Complex,2000,Bottle
Gutt/Ear Gentamycin 0.05,3,3Tube
Infusion Sets 23g,36,36Pcs
lotion Benzylbenzoate lotion,3,3Bottle
Syr Albendazole 100mg/5ml,8,8Bottle
Infusion Sets 23g,34,34Pcs
Disposable gloves,2,Pairs
Gutt/Ear Gentamycin 0.05,3,3Tube
Infusion Sets 23g,10,Pcs
inj Anti tetanus Serum (ATS) 1500i.u,10,Amp
Syp Multivite,30,30Bottle
Syr Albendazole 100mg/5ml,6,6Bottle
syr Cough Syrup (A) 100ml,30,30Bottle
syr Cough Syrup (P) 100ml,30,30Bottle
syr Vitamin B complex,30,30Bottle
inj Anti tetanus Serum (ATS) 1500i.u,10,Amp
inj Tetanus Toxoid 0.5ml,50,50Amp
syr Cough Syrup (A) 100ml,40,40Bottle
syr Vitamin B complex,30,30Bottle
Disposable gloves,2,Pairs
Syp Ascorbic acid / Tabs B Complex,2000,Bottle
Disposable gloves,2,Pairs
Gutt/Ear Gentamycin 0.05,4,4Tube
inj Anti tetanus Serum (ATS) 1500i.u,5,5Amp
inj Tetanus Toxoid 0.5ml,46,46Amp
Cotton Wool 100g,2,Pcs
susp Metronidazole 100mg/5ml,2,Bottle
"Inj Zalote,",10,Amp
inj Hydrocortisone 100mg,10,Vial
Infusion Sets 23g,35,35Pcs
inj Anti tetanus Serum (ATS) 1500i.u,10,Amp
inj Tetanus Toxoid 0.5ml,50,50Amp
syr Cough Syrup (A) 100ml,40,40Bottle
Cotton Wool 100g,3,3Pcs
5% Dextrose saline 1000ml,20,Pcs
Infusion Sets 23g,100,Pcs
Susp. Amoxicillin 125mg/5ml,10,Bottle
Susp. Erythromycin 125mg/5ml,10,Bottle
Syp Ascorbic acid,20,Bottle
syr Cough Syrup (P) 100ml,20,Bottle
syr Cough Syrup (A) 100ml,10,Bottle
Cotton Wool 100g,1,Pcs
Disposable gloves,1,Pairs
