Order ID,Segment,Sales,Ship Mode
CA-2011-103366,Consumer,149.95,First Class
CA-2011-109043,Consumer,243.60000000000002,First Class
CA-2011-113166,Consumer,9.568000000000001,First Class
CA-2011-124023,Consumer,8.96,First Class
CA-2011-130155,Consumer,34.2,First Class
CA-2011-136861,Consumer,31.983999999999998,First Class
CA-2011-153927,Consumer,286.65000000000003,First Class
CA-2011-157784,Consumer,514.0300000000001,First Class
CA-2011-160094,Consumer,1000.95,First Class
CA-2011-164749,Consumer,9.912,First Class
CA-2011-166730,Consumer,39.128,First Class
CA-2012-102722,Consumer,106.5,First Class
CA-2012-102778,Consumer,18.176,First Class
CA-2012-117828,Consumer,194.32,First Class
CA-2012-130218,Consumer,59.480000000000004,First Class
CA-2012-132318,Consumer,182.91,First Class
CA-2012-137974,Consumer,2298.8999999999996,First Class
CA-2012-138625,Consumer,197.72,First Class
CA-2012-141327,Consumer,440.144,First Class
CA-2012-149300,Consumer,32.985,First Class
CA-2012-150560,Consumer,196.62,First Class
CA-2012-165414,Consumer,47.976,First Class
CA-2013-102092,Consumer,1056.86,First Class
CA-2013-102498,Consumer,73.2,First Class
CA-2013-110492,Consumer,1366.0400000000002,First Class
CA-2013-119515,Consumer,15.552000000000003,First Class
CA-2013-119823,Consumer,75.88,First Class
CA-2013-124772,Consumer,191.82,First Class
CA-2013-125843,Consumer,125.92000000000002,First Class
CA-2013-130442,Consumer,34.944,First Class
CA-2013-133872,Consumer,58.400000000000006,First Class
CA-2013-145247,Consumer,79.14,First Class
CA-2013-145499,Consumer,3.2820000000000005,First Class
CA-2013-147368,Consumer,695.7,First Class
CA-2013-157280,Consumer,1120.73,First Class
CA-2013-157364,Consumer,18.48,First Class
CA-2013-164784,Consumer,377.346,First Class
CA-2014-103212,Consumer,1541.51,First Class
CA-2014-105620,Consumer,141,First Class
CA-2014-108287,Consumer,12.672,First Class
CA-2014-109589,Consumer,71,First Class
CA-2014-110198,Consumer,318.96,First Class
CA-2014-112774,Consumer,34.504000000000005,First Class
CA-2014-115448,Consumer,88.92000000000002,First Class
CA-2014-121314,Consumer,251.64,First Class
CA-2014-121818,Consumer,52.696000000000005,First Class
CA-2014-122154,Consumer,284.19,First Class
CA-2014-122994,Consumer,359.96999999999997,First Class
CA-2014-125472,Consumer,253.85999999999999,First Class
CA-2014-126774,Consumer,4.89,First Class
CA-2014-133235,Consumer,271.96,First Class
CA-2014-138779,Consumer,29.664,First Class
CA-2014-143756,Consumer,701.96,First Class
CA-2014-151218,Consumer,4.464,First Class
CA-2014-156769,Consumer,54.66,First Class
CA-2014-158729,Consumer,1665.62,First Class
CA-2014-158967,Consumer,19.104,First Class
CA-2014-161053,Consumer,726.9100000000001,First Class
CA-2014-162635,Consumer,10.816,First Class
CA-2014-163335,Consumer,79,First Class
US-2011-130358,Consumer,23.119999999999997,First Class
US-2012-106495,Consumer,11.672,First Class
US-2013-106600,Consumer,354.90000000000003,First Class
US-2013-113649,Consumer,645.136,First Class
US-2013-116400,Consumer,39.92,First Class
US-2013-119298,Consumer,59.98,First Class
US-2013-131891,Consumer,2.2140000000000004,First Class
US-2013-162677,Consumer,187.616,First Class
US-2013-167472,Consumer,678.8699999999999,First Class
US-2014-108063,Consumer,34.650000000000006,First Class
US-2014-133781,Consumer,37.608000000000004,First Class
US-2014-148831,Consumer,348.56,First Class
CA-2011-113047,Consumer,11.850000000000001,Same Day
CA-2011-116239,Consumer,354.90000000000003,Same Day
CA-2011-130428,Consumer,1142.1649999999997,Same Day
CA-2011-131541,Consumer,193.152,Same Day
CA-2011-142951,Consumer,23.472,Same Day
CA-2011-152254,Consumer,310.688,Same Day
CA-2012-117884,Consumer,598.352,Same Day
CA-2012-136224,Consumer,10.272000000000002,Same Day
CA-2012-155068,Consumer,78.456,Same Day
CA-2013-101378,Consumer,29,Same Day
CA-2013-105256,Consumer,1363.96,Same Day
CA-2013-106894,Consumer,107.83,Same Day
CA-2013-127698,Consumer,863.928,Same Day
CA-2013-143308,Consumer,10.74,Same Day
CA-2013-144344,Consumer,314.39300000000003,Same Day
CA-2013-152163,Consumer,85.5,Same Day
CA-2013-152471,Consumer,839.9440000000002,Same Day
CA-2013-159653,Consumer,14.73,Same Day
CA-2014-103065,Consumer,59.82400000000001,Same Day
CA-2014-122987,Consumer,80.56400000000001,Same Day
CA-2014-144498,Consumer,817.8290000000002,Same Day
CA-2014-158883,Consumer,25.344,Same Day
US-2011-114377,Consumer,149.9,Same Day
US-2013-134761,Consumer,36.192,Same Day
US-2013-148803,Consumer,85.224,Same Day
US-2013-156692,Consumer,89.32000000000001,Same Day
US-2014-120607,Consumer,195.64,Same Day
US-2014-152492,Consumer,239.24,Same Day
CA-2011-100706,Consumer,129.44,Second Class
CA-2011-101266,Consumer,13.36,Second Class
CA-2011-109232,Consumer,545.9399999999999,Second Class
CA-2011-110422,Consumer,25.248,Second Class
CA-2011-115357,Consumer,62.91,Second Class
CA-2011-120768,Consumer,1979.89,Second Class
CA-2011-123925,Consumer,40.05,Second Class
CA-2011-124618,Consumer,479.98400000000004,Second Class
CA-2011-127488,Consumer,4.608,Second Class
CA-2011-130918,Consumer,7.6320000000000014,Second Class
CA-2011-132612,Consumer,1441.3,Second Class
CA-2011-142727,Consumer,69.9,Second Class
CA-2011-145576,Consumer,26.128,Second Class
CA-2011-154158,Consumer,619.8480000000002,Second Class
CA-2011-155852,Consumer,19.456000000000003,Second Class
CA-2011-156006,Consumer,47.79,Second Class
CA-2011-156790,Consumer,155.45600000000002,Second Class
CA-2011-158470,Consumer,129.33,Second Class
CA-2011-166457,Consumer,40.54,Second Class
CA-2011-169775,Consumer,709.0425000000001,Second Class
CA-2012-109386,Consumer,750.93,Second Class
CA-2012-110345,Consumer,4.608,Second Class
CA-2012-116638,Consumer,4297.644,Second Class
CA-2012-128027,Consumer,269.49,Second Class
CA-2012-134257,Consumer,498.93,Second Class
CA-2012-150749,Consumer,5.56,Second Class
CA-2012-153325,Consumer,58.72,Second Class
CA-2012-153752,Consumer,173.94,Second Class
CA-2012-155600,Consumer,1635.0180000000003,Second Class
CA-2012-169733,Consumer,9.952,Second Class
CA-2013-101525,Consumer,140.52,Second Class
CA-2013-109722,Consumer,1284.8000000000002,Second Class
CA-2013-113292,Consumer,871.8000000000001,Second Class
CA-2013-116918,Consumer,36.364,Second Class
CA-2013-120873,Consumer,290.98,Second Class
CA-2013-123176,Consumer,31.830000000000002,Second Class
CA-2013-131065,Consumer,513.52,Second Class
CA-2013-136231,Consumer,228.58599999999998,Second Class
CA-2013-137043,Consumer,859.14,Second Class
CA-2013-140543,Consumer,191.88,Second Class
CA-2013-141180,Consumer,7.764000000000001,Second Class
CA-2013-149783,Consumer,131.104,Second Class
CA-2013-149979,Consumer,487.21999999999997,Second Class
CA-2013-152156,Consumer,993.8999999999999,Second Class
CA-2013-154690,Consumer,225.29600000000002,Second Class
CA-2013-155670,Consumer,21.504000000000005,Second Class
CA-2013-158841,Consumer,8805.04,Second Class
CA-2013-159765,Consumer,27.86,Second Class
CA-2013-162355,Consumer,1302.83,Second Class
CA-2013-164735,Consumer,81.19999999999999,Second Class
CA-2013-168753,Consumer,1002.7,Second Class
CA-2013-168893,Consumer,903.7700000000001,Second Class
CA-2013-169334,Consumer,111.67200000000001,Second Class
CA-2014-101210,Consumer,13.152000000000001,Second Class
CA-2014-101273,Consumer,14.336000000000002,Second Class
CA-2014-101483,Consumer,61.21600000000001,Second Class
CA-2014-102309,Consumer,212.91000000000003,Second Class
CA-2014-107209,Consumer,194.848,Second Class
CA-2014-107461,Consumer,23.88,Second Class
CA-2014-113705,Consumer,874.8,Second Class
CA-2014-123239,Consumer,91.03200000000001,Second Class
CA-2014-127726,Consumer,209.88,Second Class
CA-2014-128629,Consumer,18.84,Second Class
CA-2014-128699,Consumer,47.992000000000004,Second Class
CA-2014-129021,Consumer,4590.344000000001,Second Class
CA-2014-129462,Consumer,740.59,Second Class
CA-2014-130834,Consumer,16.272000000000002,Second Class
CA-2014-139353,Consumer,273.088,Second Class
CA-2014-140088,Consumer,301.96,Second Class
CA-2014-144694,Consumer,253.824,Second Class
CA-2014-145310,Consumer,7.824,Second Class
CA-2014-146458,Consumer,22.959999999999997,Second Class
CA-2014-155159,Consumer,48.87,Second Class
CA-2014-155705,Consumer,866.4,Second Class
CA-2014-160458,Consumer,25.920000000000005,Second Class
CA-2014-161200,Consumer,161.14000000000001,Second Class
CA-2014-163321,Consumer,79.992,Second Class
CA-2014-163510,Consumer,400.39,Second Class
CA-2014-165204,Consumer,728.9680000000001,Second Class
CA-2014-167941,Consumer,831.3680000000002,Second Class
US-2011-102715,Consumer,737.2,Second Class
US-2011-117135,Consumer,425.66999999999996,Second Class
US-2012-136749,Consumer,433.78,Second Class
US-2012-151435,Consumer,85.98,Second Class
US-2013-120929,Consumer,189.882,Second Class
US-2013-142251,Consumer,32.064,Second Class
US-2014-135062,Consumer,229.544,Second Class
US-2014-153633,Consumer,2.064,Second Class
US-2014-158526,Consumer,1814.6799999999998,Second Class
US-2014-163195,Consumer,29.160000000000004,Second Class
US-2014-167920,Consumer,1827.51,Second Class
CA-2011-100895,Consumer,605.47,Standard Class
CA-2011-104283,Consumer,616.14,Standard Class
CA-2011-107573,Consumer,23.472,Standard Class
CA-2011-110100,Consumer,302.376,Standard Class
CA-2011-114335,Consumer,337.088,Standard Class
CA-2011-116190,Consumer,256.47999999999996,Standard Class
CA-2011-116407,Consumer,362.17600000000004,Standard Class
CA-2011-116568,Consumer,186.304,Standard Class
CA-2011-117016,Consumer,15.552000000000003,Standard Class
CA-2011-120950,Consumer,43.68,Standard Class
CA-2011-123400,Consumer,199.29600000000002,Standard Class
CA-2011-127299,Consumer,2692.329,Standard Class
CA-2011-127614,Consumer,1508.13,Standard Class
CA-2011-128839,Consumer,254.96999999999997,Standard Class
CA-2011-131527,Consumer,95.968,Standard Class
CA-2011-134551,Consumer,732.312,Standard Class
CA-2011-138296,Consumer,24.56,Standard Class
CA-2011-138709,Consumer,37.44,Standard Class
CA-2011-140886,Consumer,69.21600000000001,Standard Class
CA-2011-143182,Consumer,15.384,Standard Class
CA-2011-143840,Consumer,180.93,Standard Class
CA-2011-146731,Consumer,147.34400000000002,Standard Class
CA-2011-149958,Consumer,370.78200000000004,Standard Class
CA-2011-152268,Consumer,1793.98,Standard Class
CA-2011-155390,Consumer,42.208,Standard Class
CA-2011-159184,Consumer,149.56,Standard Class
CA-2011-159681,Consumer,105.52,Standard Class
CA-2011-161634,Consumer,32.400000000000006,Standard Class
CA-2011-163013,Consumer,14.669999999999998,Standard Class
CA-2011-164315,Consumer,1220.67,Standard Class
CA-2011-165764,Consumer,1395.6730000000002,Standard Class
CA-2011-166051,Consumer,773.7,Standard Class
CA-2011-169257,Consumer,63.381,Standard Class
CA-2012-100888,Consumer,47.952000000000005,Standard Class
CA-2012-101868,Consumer,175.32,Standard Class
CA-2012-102491,Consumer,3747.9300000000003,Standard Class
CA-2012-102582,Consumer,1918.79,Standard Class
CA-2012-103093,Consumer,74.52,Standard Class
CA-2012-104115,Consumer,55.98400000000001,Standard Class
CA-2012-107678,Consumer,893.09,Standard Class
CA-2012-108119,Consumer,301.96,Standard Class
CA-2012-110247,Consumer,8.226,Standard Class
CA-2012-111199,Consumer,115.296,Standard Class
CA-2012-111703,Consumer,27.504000000000005,Standard Class
CA-2012-112375,Consumer,78.19200000000001,Standard Class
CA-2012-114300,Consumer,371.65999999999997,Standard Class
CA-2012-114503,Consumer,84.96000000000001,Standard Class
CA-2012-115938,Consumer,535.36,Standard Class
CA-2012-118444,Consumer,387.136,Standard Class
CA-2012-118843,Consumer,199.86,Standard Class
CA-2012-119480,Consumer,364.07,Standard Class
CA-2012-119634,Consumer,46.152,Standard Class
CA-2012-120516,Consumer,5.64,Standard Class
CA-2012-120621,Consumer,1270.379,Standard Class
CA-2012-122266,Consumer,194.1395,Standard Class
CA-2012-123092,Consumer,288.85,Standard Class
CA-2012-123330,Consumer,107.97600000000001,Standard Class
CA-2012-125563,Consumer,121.88799999999999,Standard Class
CA-2012-125976,Consumer,2026.7800000000002,Standard Class
CA-2012-128139,Consumer,365.91,Standard Class
CA-2012-129098,Consumer,30.84,Standard Class
CA-2012-133242,Consumer,1046.47,Standard Class
CA-2012-134719,Consumer,1801.632,Standard Class
CA-2012-134782,Consumer,105.42,Standard Class
CA-2012-134894,Consumer,436.86,Standard Class
CA-2012-136147,Consumer,233.06400000000002,Standard Class
CA-2012-138457,Consumer,13.092000000000002,Standard Class
CA-2012-141145,Consumer,87.168,Standard Class
CA-2012-141565,Consumer,1664.132,Standard Class
CA-2012-142755,Consumer,919.4899999999999,Standard Class
CA-2012-143119,Consumer,517.5,Standard Class
CA-2012-143532,Consumer,14.496000000000002,Standard Class
CA-2012-144288,Consumer,19.584000000000003,Standard Class
CA-2012-145352,Consumer,6412.7699999999995,Standard Class
CA-2012-147879,Consumer,45.68,Standard Class
CA-2012-148705,Consumer,5.04,Standard Class
CA-2012-151547,Consumer,88.96000000000001,Standard Class
CA-2012-153535,Consumer,169.54399999999998,Standard Class
CA-2012-153626,Consumer,5.16,Standard Class
CA-2012-155635,Consumer,48.81,Standard Class
CA-2012-156328,Consumer,177.48000000000002,Standard Class
CA-2012-158148,Consumer,36.269999999999996,Standard Class
CA-2012-158421,Consumer,3631.96,Standard Class
CA-2012-162537,Consumer,104.51,Standard Class
CA-2012-162761,Consumer,50.462,Standard Class
CA-2012-163965,Consumer,377.90200000000004,Standard Class
CA-2012-165624,Consumer,1142.4299999999998,Standard Class
CA-2012-167696,Consumer,31.12,Standard Class
CA-2012-168459,Consumer,58.050000000000004,Standard Class
CA-2012-169740,Consumer,29.99,Standard Class
CA-2013-101469,Consumer,7.7,Standard Class
CA-2013-102162,Consumer,1611.01,Standard Class
CA-2013-104157,Consumer,2503.47,Standard Class
CA-2013-104276,Consumer,447.7830000000001,Standard Class
CA-2013-106950,Consumer,1854.2410000000002,Standard Class
CA-2013-108105,Consumer,323.88,Standard Class
CA-2013-108567,Consumer,2.6940000000000004,Standard Class
CA-2013-108616,Consumer,298.83,Standard Class
CA-2013-111409,Consumer,3,Standard Class
CA-2013-111605,Consumer,2.61,Standard Class
CA-2013-112102,Consumer,448.81,Standard Class
CA-2013-113733,Consumer,334.25600000000003,Standard Class
CA-2013-113747,Consumer,185.88,Standard Class
CA-2013-116232,Consumer,24.066,Standard Class
CA-2013-117604,Consumer,239.5,Standard Class
CA-2013-118514,Consumer,866.4,Standard Class
CA-2013-118626,Consumer,705.544,Standard Class
CA-2013-121958,Consumer,52.136,Standard Class
CA-2013-131205,Consumer,291.73999999999995,Standard Class
CA-2013-132549,Consumer,73.36,Standard Class
CA-2013-133123,Consumer,99.15599999999999,Standard Class
CA-2013-133368,Consumer,405.34400000000005,Standard Class
CA-2013-134208,Consumer,396,Standard Class
CA-2013-135636,Consumer,387.72,Standard Class
CA-2013-136483,Consumer,4.704,Standard Class
CA-2013-137736,Consumer,41.86,Standard Class
CA-2013-139381,Consumer,233.48,Standard Class
CA-2013-140641,Consumer,38.19000000000001,Standard Class
CA-2013-142370,Consumer,254.99,Standard Class
CA-2013-142895,Consumer,370.184,Standard Class
CA-2013-145905,Consumer,1264.14,Standard Class
CA-2013-146143,Consumer,133.38,Standard Class
CA-2013-146150,Consumer,264.18,Standard Class
CA-2013-148684,Consumer,870.04,Standard Class
CA-2013-150000,Consumer,17.92,Standard Class
CA-2013-154060,Consumer,187.056,Standard Class
CA-2013-155138,Consumer,99.87200000000001,Standard Class
CA-2013-156503,Consumer,305.248,Standard Class
CA-2013-156573,Consumer,60.485,Standard Class
CA-2013-157245,Consumer,641.96,Standard Class
CA-2013-157588,Consumer,88.15,Standard Class
CA-2013-159989,Consumer,40.68,Standard Class
CA-2013-160234,Consumer,135.95,Standard Class
CA-2013-160486,Consumer,72.224,Standard Class
CA-2013-163174,Consumer,186.54,Standard Class
CA-2013-163776,Consumer,1110.5,Standard Class
CA-2013-164574,Consumer,732.156,Standard Class
CA-2013-166282,Consumer,158.256,Standard Class
CA-2013-166485,Consumer,16.496000000000002,Standard Class
CA-2013-168536,Consumer,66.30000000000001,Standard Class
CA-2013-169103,Consumer,1466.32,Standard Class
CA-2014-100426,Consumer,12.48,Standard Class
CA-2014-100622,Consumer,1030.7420000000002,Standard Class
CA-2014-100902,Consumer,699.4000000000001,Standard Class
CA-2014-101042,Consumer,843.8399999999999,Standard Class
CA-2014-102204,Consumer,3740.51,Standard Class
CA-2014-102610,Consumer,248.396,Standard Class
CA-2014-102736,Consumer,177.07999999999998,Standard Class
CA-2014-103499,Consumer,209.56799999999998,Standard Class
CA-2014-104731,Consumer,951.98,Standard Class
CA-2014-106537,Consumer,20.736000000000004,Standard Class
CA-2014-108035,Consumer,491.88800000000003,Standard Class
CA-2014-108112,Consumer,559.2,Standard Class
CA-2014-109183,Consumer,649,Standard Class
CA-2014-110926,Consumer,25.060000000000002,Standard Class
CA-2014-114412,Consumer,15.552000000000003,Standard Class
CA-2014-114636,Consumer,192.16000000000003,Standard Class
CA-2014-116855,Consumer,504.90000000000003,Standard Class
CA-2014-116939,Consumer,177.54999999999998,Standard Class
CA-2014-117079,Consumer,863.8799999999999,Standard Class
CA-2014-117198,Consumer,659.9,Standard Class
CA-2014-118402,Consumer,243.92,Standard Class
CA-2014-119004,Consumer,105.40800000000002,Standard Class
CA-2014-119305,Consumer,173.79999999999998,Standard Class
CA-2014-119669,Consumer,5.67,Standard Class
CA-2014-120894,Consumer,28.08,Standard Class
CA-2014-121804,Consumer,72.8,Standard Class
CA-2014-122056,Consumer,181.86,Standard Class
CA-2014-123351,Consumer,80.48,Standard Class
CA-2014-124296,Consumer,712.85,Standard Class
CA-2014-124765,Consumer,723.92,Standard Class
CA-2014-126354,Consumer,119.17800000000001,Standard Class
CA-2014-126914,Consumer,776.0800000000002,Standard Class
CA-2014-127306,Consumer,175.086,Standard Class
CA-2014-128363,Consumer,2382.9260000000004,Standard Class
CA-2014-128755,Consumer,629.86,Standard Class
CA-2014-130309,Consumer,544.38,Standard Class
CA-2014-130904,Consumer,22.744,Standard Class
CA-2014-132185,Consumer,52.344,Standard Class
CA-2014-133501,Consumer,5.184000000000001,Standard Class
CA-2014-133641,Consumer,48.69,Standard Class
CA-2014-133928,Consumer,4.572000000000001,Standard Class
CA-2014-135587,Consumer,372.64,Standard Class
CA-2014-137631,Consumer,751.984,Standard Class
CA-2014-138975,Consumer,2361.52,Standard Class
CA-2014-139493,Consumer,15.920000000000002,Standard Class
CA-2014-139948,Consumer,7.904000000000001,Standard Class
CA-2014-140627,Consumer,303.32000000000005,Standard Class
CA-2014-140872,Consumer,1111.698,Standard Class
CA-2014-142090,Consumer,2165.658,Standard Class
CA-2014-143861,Consumer,17.088,Standard Class
CA-2014-144365,Consumer,11.68,Standard Class
CA-2014-145275,Consumer,14.940000000000001,Standard Class
CA-2014-145737,Consumer,163.96,Standard Class
CA-2014-146136,Consumer,24.448,Standard Class
CA-2014-146192,Consumer,675.0600000000001,Standard Class
CA-2014-146983,Consumer,1577.94,Standard Class
CA-2014-147228,Consumer,458.98400000000004,Standard Class
CA-2014-148999,Consumer,419.13599999999997,Standard Class
CA-2014-149853,Consumer,33.47200000000001,Standard Class
CA-2014-150910,Consumer,1090.348,Standard Class
CA-2014-152786,Consumer,40.410000000000004,Standard Class
CA-2014-152968,Consumer,23.08,Standard Class
CA-2014-154088,Consumer,26.720000000000002,Standard Class
CA-2014-158386,Consumer,124.75,Standard Class
CA-2014-158743,Consumer,199.17000000000002,Standard Class
CA-2014-159954,Consumer,2.78,Standard Class
CA-2014-161970,Consumer,30.900000000000002,Standard Class
CA-2014-162173,Consumer,608.4300000000001,Standard Class
CA-2014-165687,Consumer,35.04,Standard Class
CA-2014-165715,Consumer,32.776,Standard Class
CA-2014-167871,Consumer,47.328,Standard Class
CA-2014-169005,Consumer,5.56,Standard Class
US-2011-115196,Consumer,1299.99,Standard Class
US-2011-117170,Consumer,52.608000000000004,Standard Class
US-2011-147627,Consumer,1859.4,Standard Class
US-2011-150574,Consumer,252.61200000000002,Standard Class
US-2011-155544,Consumer,310.528,Standard Class
US-2011-156559,Consumer,638.82,Standard Class
US-2011-158057,Consumer,59.109000000000016,Standard Class
US-2011-165659,Consumer,904.13,Standard Class
US-2011-167633,Consumer,15.552000000000003,Standard Class
US-2012-108966,Consumer,979.9455,Standard Class
US-2012-120572,Consumer,12.828000000000001,Standard Class
US-2012-123960,Consumer,207.82,Standard Class
US-2012-129553,Consumer,29.97,Standard Class
US-2012-134026,Consumer,1001.7600000000001,Standard Class
US-2012-145436,Consumer,551.264,Standard Class
US-2012-164357,Consumer,13.120000000000001,Standard Class
US-2012-168732,Consumer,129.64,Standard Class
US-2012-168935,Consumer,459.43350000000004,Standard Class
US-2013-121013,Consumer,1678,Standard Class
US-2013-132857,Consumer,6.671999999999999,Standard Class
US-2013-135923,Consumer,530.2719999999999,Standard Class
US-2013-137295,Consumer,187.228,Standard Class
US-2013-147991,Consumer,16.72,Standard Class
US-2013-164588,Consumer,12.84,Standard Class
US-2013-169369,Consumer,299.07,Standard Class
US-2014-102904,Consumer,239.92,Standard Class
US-2014-105935,Consumer,3002.65,Standard Class
US-2014-117450,Consumer,107.55200000000002,Standard Class
US-2014-126179,Consumer,311.96,Standard Class
US-2014-134642,Consumer,428.704,Standard Class
US-2014-135986,Consumer,536.36,Standard Class
US-2014-136189,Consumer,82.38,Standard Class
US-2014-146822,Consumer,49.12,Standard Class
US-2014-146878,Consumer,12.294,Standard Class
US-2014-149510,Consumer,98.446,Standard Class
US-2014-152842,Consumer,242.35200000000003,Standard Class
US-2014-152898,Consumer,67.9,Standard Class
US-2014-165953,Consumer,71.096,Standard Class
US-2014-166233,Consumer,24,Standard Class
US-2014-168690,Consumer,2.8080000000000007,Standard Class
CA-2011-103317,Corporate,242.54600000000002,First Class
CA-2011-103989,Corporate,590.7620000000002,First Class
CA-2011-106054,Corporate,12.78,First Class
CA-2011-111934,Corporate,47.32,First Class
CA-2011-124688,Corporate,1812.01,First Class
CA-2011-125682,Corporate,9.96,First Class
CA-2011-131905,Corporate,321.56,First Class
CA-2011-163293,Corporate,116.85,First Class
CA-2011-169684,Corporate,426.942,First Class
CA-2012-104038,Corporate,176.63,First Class
CA-2012-121720,Corporate,3165.744,First Class
CA-2012-133396,Corporate,64.68,First Class
CA-2012-140718,Corporate,246.36400000000003,First Class
CA-2012-154746,Corporate,860.07,First Class
CA-2012-156734,Corporate,670.001,First Class
CA-2012-158323,Corporate,17.088,First Class
CA-2013-112676,Corporate,14.352000000000002,First Class
CA-2013-127208,Corporate,224.9,First Class
CA-2013-133711,Corporate,3236.41,First Class
CA-2013-153318,Corporate,783.9600000000002,First Class
CA-2013-160598,Corporate,31.008,First Class
CA-2013-162901,Corporate,31.4,First Class
CA-2014-113481,Corporate,740.214,First Class
CA-2014-115882,Corporate,1017.1360000000001,First Class
CA-2014-117695,Corporate,13.76,First Class
CA-2014-122707,Corporate,503.22,First Class
CA-2014-123687,Corporate,234.2,First Class
CA-2014-124828,Corporate,9.552,First Class
CA-2014-129028,Corporate,127.94999999999999,First Class
CA-2014-134810,Corporate,272.23199999999997,First Class
CA-2014-147760,Corporate,1883.7240000000002,First Class
CA-2014-155698,Corporate,668.5400000000001,First Class
CA-2014-159464,Corporate,524.85,First Class
CA-2014-161851,Corporate,15.570000000000004,First Class
US-2012-131842,Corporate,97.424,First Class
US-2013-101616,Corporate,87.28,First Class
US-2013-140809,Corporate,56.449999999999996,First Class
US-2013-153815,Corporate,368.432,First Class
US-2014-128951,Corporate,1065.8400000000001,First Class
US-2014-162208,Corporate,2.8960000000000004,First Class
CA-2011-158771,Corporate,158.70999999999998,Same Day
CA-2013-130820,Corporate,630.024,Same Day
CA-2014-161046,Corporate,839.25,Same Day
US-2012-130519,Corporate,111.904,Same Day
US-2014-168116,Corporate,8167.419999999999,Same Day
CA-2011-101560,Corporate,542.3399999999999,Second Class
CA-2011-102988,Corporate,4251.919999999999,Second Class
CA-2011-110408,Corporate,2216.8,Second Class
CA-2011-114790,Corporate,782.6300000000001,Second Class
CA-2011-120432,Corporate,25.5,Second Class
CA-2011-121286,Corporate,66.61600000000001,Second Class
CA-2011-129819,Corporate,12.39,Second Class
CA-2011-153913,Corporate,1015.8160000000001,Second Class
CA-2011-162775,Corporate,1287.26,Second Class
CA-2011-164910,Corporate,7.872,Second Class
CA-2012-109470,Corporate,596.48,Second Class
CA-2012-109708,Corporate,467.03999999999996,Second Class
CA-2012-116750,Corporate,12.158000000000003,Second Class
CA-2012-119592,Corporate,3.76,Second Class
CA-2012-142202,Corporate,717.1200000000001,Second Class
CA-2012-161445,Corporate,140.736,Second Class
CA-2012-163237,Corporate,520.03,Second Class
CA-2012-166604,Corporate,17.94,Second Class
CA-2012-168004,Corporate,392.93999999999994,Second Class
CA-2012-169677,Corporate,9.82,Second Class
CA-2013-109407,Corporate,31.36,Second Class
CA-2013-112697,Corporate,1410.0660000000003,Second Class
CA-2013-113236,Corporate,232.62400000000002,Second Class
CA-2013-122518,Corporate,10.08,Second Class
CA-2013-134474,Corporate,255.904,Second Class
CA-2013-143805,Corporate,2145.2499999999995,Second Class
CA-2013-157161,Corporate,199.18,Second Class
CA-2013-162236,Corporate,1106.9240000000002,Second Class
CA-2013-162747,Corporate,86.45,Second Class
CA-2013-163167,Corporate,2673.69,Second Class
CA-2014-103009,Corporate,26.400000000000002,Second Class
CA-2014-104864,Corporate,552.856,Second Class
CA-2014-115070,Corporate,16.739000000000004,Second Class
CA-2014-116113,Corporate,10.16,Second Class
CA-2014-122693,Corporate,1245.86,Second Class
CA-2014-128300,Corporate,406.93999999999994,Second Class
CA-2014-133263,Corporate,3098.6099999999997,Second Class
CA-2014-134495,Corporate,269.40000000000003,Second Class
CA-2014-134649,Corporate,22.63,Second Class
CA-2014-143567,Corporate,3291.0699999999997,Second Class
CA-2014-145702,Corporate,342.23999999999995,Second Class
CA-2014-153339,Corporate,15.991999999999999,Second Class
CA-2014-153654,Corporate,19.008000000000003,Second Class
CA-2014-158561,Corporate,1158.12,Second Class
US-2012-140851,Corporate,38.88,Second Class
US-2012-149629,Corporate,231.92000000000002,Second Class
US-2013-138408,Corporate,1319.96,Second Class
US-2013-161844,Corporate,82.91999999999999,Second Class
US-2014-109610,Corporate,701.96,Second Class
US-2014-162670,Corporate,1152.8700000000001,Second Class
CA-2011-100916,Corporate,788.86,Standard Class
CA-2011-101770,Corporate,1.8690000000000004,Standard Class
CA-2011-102274,Corporate,865.5,Standard Class
CA-2011-102673,Corporate,1044.4399999999998,Standard Class
CA-2011-103807,Corporate,21.19,Standard Class
CA-2011-106810,Corporate,310.88000000000005,Standard Class
CA-2011-107811,Corporate,661.5040000000001,Standard Class
CA-2011-111500,Corporate,484.78999999999996,Standard Class
CA-2011-112718,Corporate,1.1670000000000003,Standard Class
CA-2011-114314,Corporate,16.23,Standard Class
CA-2011-114321,Corporate,1417.35,Standard Class
CA-2011-115084,Corporate,605.34,Standard Class
CA-2011-117345,Corporate,202.89600000000002,Standard Class
CA-2011-117639,Corporate,3333.9000000000005,Standard Class
CA-2011-125136,Corporate,106.944,Standard Class
CA-2011-128846,Corporate,752.92,Standard Class
CA-2011-129091,Corporate,1022.61,Standard Class
CA-2011-136336,Corporate,828.8399999999999,Standard Class
CA-2011-137911,Corporate,88.768,Standard Class
CA-2011-138527,Corporate,192.424,Standard Class
CA-2011-146885,Corporate,13.620000000000001,Standard Class
CA-2011-148425,Corporate,6.642000000000001,Standard Class
CA-2011-149020,Corporate,54.83,Standard Class
CA-2011-149538,Corporate,364.92999999999995,Standard Class
CA-2011-151953,Corporate,2.8160000000000003,Standard Class
CA-2011-151967,Corporate,129.92,Standard Class
CA-2011-152562,Corporate,75.16,Standard Class
CA-2011-152849,Corporate,4.368,Standard Class
CA-2011-153087,Corporate,521.92,Standard Class
CA-2011-155208,Corporate,39.072,Standard Class
CA-2011-160276,Corporate,177.68,Standard Class
CA-2011-160773,Corporate,581.1039999999999,Standard Class
CA-2011-163223,Corporate,3769.5600000000004,Standard Class
CA-2011-167850,Corporate,193.936,Standard Class
CA-2012-103793,Corporate,74.352,Standard Class
CA-2012-103870,Corporate,284.44000000000005,Standard Class
CA-2012-104241,Corporate,192.22,Standard Class
CA-2012-104941,Corporate,976.29,Standard Class
CA-2012-105571,Corporate,1361.631,Standard Class
CA-2012-106187,Corporate,268.4,Standard Class
CA-2012-108259,Corporate,81.135,Standard Class
CA-2012-113628,Corporate,792.508,Standard Class
CA-2012-120845,Corporate,22.549000000000003,Standard Class
CA-2012-121552,Corporate,19.56,Standard Class
CA-2012-122168,Corporate,53.28,Standard Class
CA-2012-125066,Corporate,62.459999999999994,Standard Class
CA-2012-128083,Corporate,45.976000000000006,Standard Class
CA-2012-131422,Corporate,207,Standard Class
CA-2012-137106,Corporate,79.96,Standard Class
CA-2012-137281,Corporate,6.48,Standard Class
CA-2012-147011,Corporate,13.632,Standard Class
CA-2012-147102,Corporate,66.36,Standard Class
CA-2012-147529,Corporate,324.10999999999996,Standard Class
CA-2012-149342,Corporate,896.31,Standard Class
CA-2012-149734,Corporate,200.98400000000004,Standard Class
CA-2012-150308,Corporate,246.168,Standard Class
CA-2012-151624,Corporate,21.36,Standard Class
CA-2012-153038,Corporate,94.68800000000002,Standard Class
CA-2012-154291,Corporate,457.03999999999996,Standard Class
CA-2012-154921,Corporate,186.69,Standard Class
CA-2012-155453,Corporate,4.608,Standard Class
CA-2012-160696,Corporate,7.240000000000001,Standard Class
CA-2012-161998,Corporate,277.632,Standard Class
CA-2012-162201,Corporate,937.6080000000001,Standard Class
CA-2012-164427,Corporate,239.70000000000002,Standard Class
CA-2012-166975,Corporate,692.472,Standard Class
CA-2012-169572,Corporate,46.62,Standard Class
CA-2013-106558,Corporate,316,Standard Class
CA-2013-109743,Corporate,104.712,Standard Class
CA-2013-109911,Corporate,10.96,Standard Class
CA-2013-112277,Corporate,519.68,Standard Class
CA-2013-113831,Corporate,4317.3,Standard Class
CA-2013-113845,Corporate,574.056,Standard Class
CA-2013-114713,Corporate,45.584,Standard Class
CA-2013-115504,Corporate,12.96,Standard Class
CA-2013-116764,Corporate,9.216,Standard Class
CA-2013-118073,Corporate,562.2925000000001,Standard Class
CA-2013-118178,Corporate,31.086000000000006,Standard Class
CA-2013-119074,Corporate,92.69999999999999,Standard Class
CA-2013-123617,Corporate,7.434000000000001,Standard Class
CA-2013-123946,Corporate,1159.06,Standard Class
CA-2013-124254,Corporate,191.808,Standard Class
CA-2013-125017,Corporate,132.22400000000002,Standard Class
CA-2013-130001,Corporate,36.24000000000001,Standard Class
CA-2013-134516,Corporate,115.47999999999999,Standard Class
CA-2013-138695,Corporate,452.464,Standard Class
CA-2013-139689,Corporate,40.896,Standard Class
CA-2013-140928,Corporate,383.438,Standard Class
CA-2013-142097,Corporate,342.76,Standard Class
CA-2013-145709,Corporate,64.24799999999999,Standard Class
CA-2013-157763,Corporate,140.81,Standard Class
CA-2013-165316,Corporate,324.38700000000006,Standard Class
CA-2013-165827,Corporate,50.496,Standard Class
CA-2013-166380,Corporate,138.53,Standard Class
CA-2014-104318,Corporate,20.768,Standard Class
CA-2014-107167,Corporate,1347.5200000000002,Standard Class
CA-2014-108322,Corporate,26.056000000000004,Standard Class
CA-2014-110310,Corporate,68.967,Standard Class
CA-2014-119284,Corporate,2942.784,Standard Class
CA-2014-125745,Corporate,19.52,Standard Class
CA-2014-126046,Corporate,12.39,Standard Class
CA-2014-126382,Corporate,35.168000000000006,Standard Class
CA-2014-127803,Corporate,26.16,Standard Class
CA-2014-128769,Corporate,81.568,Standard Class
CA-2014-136826,Corporate,14.015999999999998,Standard Class
CA-2014-139619,Corporate,95.616,Standard Class
CA-2014-141614,Corporate,20.736000000000004,Standard Class
CA-2014-147333,Corporate,204.55,Standard Class
CA-2014-147361,Corporate,685.26,Standard Class
CA-2014-148810,Corporate,287.42400000000004,Standard Class
CA-2014-151855,Corporate,39.251999999999995,Standard Class
CA-2014-154816,Corporate,5.78,Standard Class
CA-2014-155824,Corporate,61.876000000000005,Standard Class
CA-2014-156272,Corporate,64.384,Standard Class
CA-2014-157854,Corporate,2747.2500000000005,Standard Class
CA-2014-158407,Corporate,103.968,Standard Class
CA-2014-159100,Corporate,1893.786,Standard Class
CA-2014-160017,Corporate,10.368000000000002,Standard Class
CA-2014-160724,Corporate,34.5,Standard Class
CA-2014-161130,Corporate,361.37600000000003,Standard Class
CA-2014-161592,Corporate,8.100000000000001,Standard Class
CA-2014-163629,Corporate,286.09,Standard Class
CA-2014-164756,Corporate,997.83,Standard Class
CA-2014-164917,Corporate,47.96,Standard Class
CA-2014-165029,Corporate,12.84,Standard Class
CA-2014-168102,Corporate,113.56800000000001,Standard Class
CA-2014-168389,Corporate,873.811,Standard Class
CA-2014-169012,Corporate,41.910000000000004,Standard Class
US-2011-107405,Corporate,16.272000000000002,Standard Class
US-2011-109162,Corporate,170.35200000000003,Standard Class
US-2011-118997,Corporate,1215.92,Standard Class
US-2011-143581,Corporate,344.90999999999997,Standard Class
US-2011-147774,Corporate,67.194,Standard Class
US-2011-156216,Corporate,18.648000000000003,Standard Class
US-2011-157231,Corporate,115.36,Standard Class
US-2011-164763,Corporate,103.50000000000001,Standard Class
US-2012-112508,Corporate,6.992000000000001,Standard Class
US-2012-136476,Corporate,157.79400000000004,Standard Class
US-2012-148817,Corporate,125.64,Standard Class
US-2012-158911,Corporate,16.712000000000003,Standard Class
US-2013-102232,Corporate,197.04999999999998,Standard Class
US-2013-144393,Corporate,17.616000000000003,Standard Class
US-2013-148901,Corporate,191.018,Standard Class
US-2013-150357,Corporate,24.703000000000003,Standard Class
US-2013-150567,Corporate,29.97000000000001,Standard Class
US-2013-159415,Corporate,79.12,Standard Class
US-2013-164630,Corporate,959.9680000000001,Standard Class
US-2014-115252,Corporate,30.336000000000006,Standard Class
US-2014-126060,Corporate,198.27200000000002,Standard Class
US-2014-128118,Corporate,76.52100000000002,Standard Class
US-2014-135503,Corporate,14.76,Standard Class
US-2014-166611,Corporate,68.74200000000002,Standard Class
CA-2011-132010,Home Office,389.74,First Class
CA-2011-136567,Home Office,2884.37,First Class
CA-2011-140165,Home Office,405.456,First Class
CA-2013-149454,Home Office,10.44,First Class
CA-2013-159142,Home Office,177.78,First Class
CA-2013-162159,Home Office,121.78,First Class
CA-2014-121419,Home Office,771.8,First Class
CA-2014-132213,Home Office,109.96799999999999,First Class
CA-2014-144456,Home Office,220.056,First Class
CA-2014-155292,Home Office,204.98000000000002,First Class
US-2013-158309,Home Office,3.7440000000000007,First Class
US-2014-162558,Home Office,2437.672,First Class
CA-2011-165806,Home Office,259.28999999999996,Same Day
CA-2012-100769,Home Office,255.968,Same Day
CA-2013-136126,Home Office,261.1,Same Day
CA-2014-133095,Home Office,117.62,Same Day
CA-2014-149146,Home Office,7.968000000000001,Same Day
US-2013-108504,Home Office,2075.51,Same Day
CA-2011-157609,Home Office,471.92,Second Class
CA-2011-158274,Home Office,682.91,Second Class
CA-2012-115847,Home Office,61.96,Second Class
CA-2012-133977,Home Office,3.444000000000001,Second Class
CA-2012-134992,Home Office,80.38,Second Class
CA-2012-140830,Home Office,89.36,Second Class
CA-2012-153549,Home Office,1166.92,Second Class
CA-2013-109344,Home Office,1127.976,Second Class
CA-2013-127985,Home Office,7.04,Second Class
CA-2013-140977,Home Office,91.475,Second Class
CA-2013-149111,Home Office,55.416000000000004,Second Class
CA-2013-164350,Home Office,67.56,Second Class
CA-2014-114055,Home Office,819.28,Second Class
CA-2014-141446,Home Office,18,Second Class
CA-2014-142671,Home Office,11.520000000000001,Second Class
CA-2014-148922,Home Office,684.7800000000001,Second Class
CA-2014-157931,Home Office,830.24,Second Class
CA-2014-160899,Home Office,477.51,Second Class
US-2012-113327,Home Office,352.168,Second Class
US-2013-135209,Home Office,62.752,Second Class
US-2013-168620,Home Office,823.6100000000001,Second Class
US-2014-148768,Home Office,71.976,Second Class
US-2014-159205,Home Office,732.93,Second Class
CA-2011-100293,Home Office,91.056,Standard Class
CA-2011-108707,Home Office,10.368000000000002,Standard Class
CA-2011-120670,Home Office,799.9200000000001,Standard Class
CA-2011-122217,Home Office,111.15,Standard Class
CA-2011-133634,Home Office,47.79,Standard Class
CA-2011-134621,Home Office,18.240000000000002,Standard Class
CA-2011-145317,Home Office,23661.228,Standard Class
CA-2011-148285,Home Office,22.320000000000004,Standard Class
CA-2011-156244,Home Office,457.744,Standard Class
CA-2011-167199,Home Office,4374.88,Standard Class
CA-2012-102260,Home Office,763.508,Standard Class
CA-2012-103135,Home Office,525.95,Standard Class
CA-2012-103772,Home Office,260.31,Standard Class
CA-2012-110947,Home Office,113.10000000000001,Standard Class
CA-2012-115091,Home Office,75.04,Standard Class
CA-2012-125696,Home Office,7.380000000000001,Standard Class
CA-2012-128958,Home Office,13.120000000000001,Standard Class
CA-2012-135510,Home Office,67.96,Standard Class
CA-2012-141754,Home Office,11.696,Standard Class
CA-2012-145324,Home Office,39.96,Standard Class
CA-2012-160059,Home Office,6.24,Standard Class
CA-2012-163923,Home Office,151.96,Standard Class
CA-2013-100307,Home Office,19.44,Standard Class
CA-2013-105662,Home Office,270.728,Standard Class
CA-2013-105753,Home Office,61.1,Standard Class
CA-2013-110254,Home Office,158.81,Standard Class
CA-2013-118934,Home Office,16.218000000000004,Standard Class
CA-2013-121020,Home Office,239.976,Standard Class
CA-2013-123414,Home Office,37.264,Standard Class
CA-2013-123533,Home Office,392.8320000000001,Standard Class
CA-2013-131968,Home Office,681.4320000000001,Standard Class
CA-2013-134789,Home Office,215.83999999999997,Standard Class
CA-2013-136322,Home Office,74.32000000000001,Standard Class
CA-2013-139269,Home Office,1311.9699999999998,Standard Class
CA-2013-140571,Home Office,365.44,Standard Class
CA-2013-146171,Home Office,558.24,Standard Class
CA-2013-151155,Home Office,34.34,Standard Class
CA-2013-154403,Home Office,4.98,Standard Class
CA-2013-155439,Home Office,25.92,Standard Class
CA-2013-159212,Home Office,273.59000000000003,Standard Class
CA-2013-159891,Home Office,1396.35,Standard Class
CA-2013-165470,Home Office,5.08,Standard Class
CA-2013-169026,Home Office,23.34,Standard Class
CA-2014-100412,Home Office,141.96,Standard Class
CA-2014-102554,Home Office,3.76,Standard Class
CA-2014-110212,Home Office,48.9,Standard Class
CA-2014-113558,Home Office,729.6480000000001,Standard Class
CA-2014-120705,Home Office,147.184,Standard Class
CA-2014-124597,Home Office,32.088,Standard Class
CA-2014-124898,Home Office,184.66,Standard Class
CA-2014-125752,Home Office,41.42400000000001,Standard Class
CA-2014-127516,Home Office,64.784,Standard Class
CA-2014-128475,Home Office,71.98,Standard Class
CA-2014-129490,Home Office,419.13599999999997,Standard Class
CA-2014-129910,Home Office,59.76,Standard Class
CA-2014-134096,Home Office,399.53000000000003,Standard Class
CA-2014-139787,Home Office,35.4,Standard Class
CA-2014-146535,Home Office,1446.8400000000001,Standard Class
CA-2014-148166,Home Office,17.856,Standard Class
CA-2014-148404,Home Office,1027.21,Standard Class
CA-2014-148474,Home Office,544.1399999999999,Standard Class
CA-2014-150931,Home Office,33.74,Standard Class
CA-2014-151211,Home Office,201.09,Standard Class
CA-2014-154123,Home Office,27.58,Standard Class
CA-2014-155089,Home Office,45.66000000000001,Standard Class
CA-2014-159135,Home Office,4.3,Standard Class
CA-2014-159667,Home Office,691.144,Standard Class
CA-2014-160423,Home Office,383.99199999999996,Standard Class
CA-2014-161088,Home Office,29.84,Standard Class
CA-2014-162033,Home Office,57.01,Standard Class
CA-2014-165904,Home Office,235.44000000000003,Standard Class
US-2011-125521,Home Office,1139.92,Standard Class
US-2011-138835,Home Office,9.64,Standard Class
US-2011-155502,Home Office,944.61,Standard Class
US-2011-155817,Home Office,67.75999999999999,Standard Class
US-2013-108637,Home Office,334.2,Standard Class
US-2013-109260,Home Office,431.97600000000006,Standard Class
US-2013-123750,Home Office,895.06,Standard Class
US-2013-139262,Home Office,471.07800000000003,Standard Class
US-2013-146570,Home Office,612.14,Standard Class
US-2013-155404,Home Office,13.28,Standard Class
US-2014-100930,Home Office,1735.8505000000002,Standard Class
US-2014-108315,Home Office,225.54600000000002,Standard Class
US-2014-114356,Home Office,35.96,Standard Class
US-2014-120390,Home Office,1633.1880000000003,Standard Class
US-2014-129224,Home Office,4.608,Standard Class
US-2014-132031,Home Office,513.4960000000001,Standard Class
US-2014-132297,Home Office,598.3100000000001,Standard Class
US-2014-132675,Home Office,148.16000000000003,Standard Class
US-2014-156083,Home Office,9.664000000000001,Standard Class
